dataset,entity-minimum,entity-maximum,organisation
central-activities-zone,2200007,2200007,local-authority:CMD
central-activities-zone,2200010,2200010,local-authority:HCK
central-activities-zone,2200009,2200009,local-authority:ISL
central-activities-zone,2200004,2200004,local-authority:KEC
central-activities-zone,2200001,2200001,local-authority:LBH
central-activities-zone,2200006,2200006,local-authority:LND
central-activities-zone,2200002,2200002,local-authority:SWK
central-activities-zone,2200008,2200008,local-authority:TWH
central-activities-zone,2200003,2200003,local-authority:WND
central-activities-zone,2200005,2200005,local-authority:WSM
