endpoint,endpoint-url,parameters,plugin,entry-date,start-date,end-date
23686a3a2c3a87f252ed6f4ddf7ecbbacffef7a8664eee7908bcf6f5d7b4ce98,https://use-land-property-data.service.gov.uk/datasets/inspire/download/Buckinghamshire_Council.zip,,,2023-12-01T16:16:28.040Z,,
6e33d6130d74685cb4a6c409223aaee65642bb20299f96ea730d4e84a1a8d6f5,https://use-land-property-data.service.gov.uk/datasets/inspire/download/Dacorum_Borough_Council.zip,,,2023-12-01T16:16:39.330Z,,
50aac9bc7f9c3d0ac28df234556784ee60b960617e8e03527a6df4cd192a25bd,https://use-land-property-data.service.gov.uk/datasets/inspire/download/Doncaster_Metropolitan_Borough_Council.zip,,,2023-12-01T16:16:45.290Z,,
2e75625d82d2aba799181a311b9174537ea17c1c416338a8c4ae932b6e1554a0,https://use-land-property-data.service.gov.uk/datasets/inspire/download/Gloucester_City_Council.zip,,,2023-12-04T10:10:20.020Z,,
0d31bd2c4b334e12c393525b247497fb3400f61a85fc7f19e6a3e48b9d9201b7,https://use-land-property-data.service.gov.uk/datasets/inspire/download/London_Borough_of_Camden.zip,,,2023-12-04T10:10:55.250Z,,
6ae3b391ef09f032e2f3920951adeec430959a6eb7529e642bd359a520b2671d,https://use-land-property-data.service.gov.uk/datasets/inspire/download/London_Borough_of_Lambeth.zip,,,2023-12-04T11:11:11.120Z,,
76c5c0502ce8e6b12ee49fb20ca2a25081a94e8619e6a2567eae5ba32a3317f4,https://use-land-property-data.service.gov.uk/datasets/inspire/download/London_Borough_of_Southwark.zip,,,2023-12-04T11:11:20.170Z,,
8b4872cf8fd347ce1caab0329ab2ed85444f9202c27b17ab0458fed5e4d1a1ae,https://use-land-property-data.service.gov.uk/datasets/inspire/download/Medway_Council.zip,,,2023-12-04T11:11:33.060Z,,
6bc6d961788f20136edd1ad61dc7514b7798020582274c3e6342f8b42760b085,https://use-land-property-data.service.gov.uk/datasets/inspire/download/Newcastle_City_Council.zip,,,2023-12-04T11:11:42.490Z,,
b0a95149887d76c822920d9232832381b6f9f43f1acc01a070846df5e4b50cdd,https://use-land-property-data.service.gov.uk/datasets/inspire/download/Birmingham_City_Council.zip,,,2023-12-04T11:11:55.230Z,,
833c4b82a2250ada3fc315a4a7a4594629b17e129c0104ddab985175d6d3ee43,https://use-land-property-data.service.gov.uk/datasets/inspire/download/Canterbury_City_Council.zip,,,2023-12-04T12:12:11.480Z,,
fde2c745fa3cb2f2d577f953326dcbc4a5925d4567c52c81293ed35fe0881295,https://use-land-property-data.service.gov.uk/datasets/inspire/download/Epsom_and_Ewell_Borough_Council.zip,,,2023-12-04T13:13:04.210Z,,
337259cc49cee99ec40ad1a0a33ced189a454a696184529c9e6c543d8736d718,https://use-land-property-data.service.gov.uk/datasets/inspire/download/London_Borough_of_Barnet.zip,,,2023-12-04T13:13:21.450Z,,
d0d8c9cd1cc31190ce93f8bb625898a21f799a4057543fc53a00bcbe93ead66b,https://use-land-property-data.service.gov.uk/datasets/inspire/download/Gateshead_Metropolitan_Borough_Council.zip,,,2023-12-04T13:13:51.320Z,,
9749aae9aaffafb66afd73246dd96194c5f7aa59aad59d0e6723dd848f676d5c,https://use-land-property-data.service.gov.uk/datasets/inspire/download/Great_Yarmouth_Borough_Council.zip,,,2023-12-04T14:14:06.390Z,,
aec9bfe527a7ef8219859474ad190b7baaf1265b57b3b8f88c68906a338526aa,https://use-land-property-data.service.gov.uk/datasets/inspire/download/Royal_Borough_of_Kensington_and_Chelsea.zip,,,2023-12-04T16:16:23.190Z,,
484fd8584ad5af272693cf9031e6641e69d6faa55ede065b882a22f0ccc6f665,https://use-land-property-data.service.gov.uk/datasets/inspire/download/St_Albans_City_and_District_Council.zip,,,2023-12-04T16:16:33.190Z,,
23ab0cf83f1b79caa68f917d8e6ed4606e44a60142cea9b878d74d86748867fd,https://use-land-property-data.service.gov.uk/datasets/inspire/download/Tewkesbury_Borough_Council.zip,,,2023-12-04T16:16:47.240Z,,
c911153406cf371a85bb6a02bd6330ca17f842e62c1979332f4b4fee7a3b4437,https://use-land-property-data.service.gov.uk/datasets/inspire/download/West_Berkshire_Council.zip,,,2023-12-04T16:16:56.350Z,,
e30777de57e3ef8eb0c01cfb10dcb6ef17ab70b0a9878d65e6643b3027c50e5b,https://use-land-property-data.service.gov.uk/datasets/inspire/download/Dorset_Council.zip,,,2023-12-04T17:17:06.010Z,,
82df219d2d41c247d48a152dc4d72c37566ef6767d03da3d2db455bb9a39445b,https://use-land-property-data.service.gov.uk/datasets/inspire/download/Dover_District_Council.zip,,,2023-12-04T17:17:15.550Z,,
fe460641db6917935fd5d65c72d9787ebd00a63bea0094c87f3860ba52f0bed2,https://use-land-property-data.service.gov.uk/datasets/inspire/download/Liverpool_City_Council.zip,,,2023-12-04T17:17:25.400Z,,
d8a52e13b9859359087d30650808938d7d7f2197e08e6834d670c1fc37029b2b,https://use-land-property-data.service.gov.uk/datasets/inspire/download/London_Borough_of_Redbridge.zip,,,2023-12-04T17:17:35.250Z,,
c355e62fb91851668c9839ef256db5788b258de925546d3faa5c7de10c85d11d,https://use-land-property-data.service.gov.uk/datasets/inspire/download/London_Borough_of_Waltham_Forest.zip,,,2023-12-04T17:17:43.580Z,,
c01fe9fd20a40a2909769a4bca2cf0cb1c4b14606518b0b5cd76363576e8d9eb,https://use-land-property-data.service.gov.uk/datasets/inspire/download/North_Lincolnshire_Council.zip,,,2023-12-04T17:17:52.450Z,,
0a5ac2a21cccaa483e17e4c6de9814e7c3fe71d8fda49c841deb33e96905bbbb,https://use-land-property-data.service.gov.uk/datasets/inspire/download/North_Somerset_Council.zip,,,2023-12-04T18:18:01.220Z,,
6fdab5d9359e1300f989c8378f58b3aae6f7f20babd2459b7f1724151d21f568,https://use-land-property-data.service.gov.uk/datasets/inspire/download/Bristol_City_Council.zip,,,2024-11-06,,
01683fb1601fb4c9f0676e0f743bcf8999ec6606c14ea6496a18cdbc3fc51cf9,https://use-land-property-data.service.gov.uk/datasets/inspire/download/North_Tyneside_Council.zip,,,2026-01-08,2025-01-08,
07d59437cbe6c4ded5cddbd36378a04e23375a95a1cca47cec8673e1423e7327,https://use-land-property-data.service.gov.uk/datasets/inspire/download/Plymouth_City_Council.zip,,,2026-01-08,2025-01-08,
0c0c67ffefa663441fd23c055dbdbaccff5c2e994ce41d514e488c1af769bc77,https://use-land-property-data.service.gov.uk/datasets/inspire/download/Stockport_Metropolitan_Borough_Council.zip,,,2026-01-08,2025-01-08,
1f41c212567e3d644083fe2e74d878def6ed3ccbe5545ae39b6163b01961c026,https://use-land-property-data.service.gov.uk/datasets/inspire/download/City_of_Westminster.zip,,,2026-01-08,2025-01-08,
2598b818b8fcc9cbba3f9c0bebddef4ae61edd3a44dabf40bfff4d9bcff6ea6f,https://use-land-property-data.service.gov.uk/datasets/inspire/download/Horsham_District_Council.zip,,,2026-01-08,2025-01-08,
40623085c42c53bb23a34700bc5d44a95f2cf22ce70d90da734d8138cf12172c,https://use-land-property-data.service.gov.uk/datasets/inspire/download/London_Borough_of_Brent.zip,,,2026-01-08,2025-01-08,
5422435c150e9eb5d1c6d702796ed5d1f9219a3b7cb1f5e62778c78bf5b99267,https://use-land-property-data.service.gov.uk/datasets/inspire/download/Worthing_Borough_Council.zip,,,2026-01-08,2025-01-08,
67b3fe15d0a89568f538d20fecf43992443b8dbfbff6cc62aac82005df176a1c,https://use-land-property-data.service.gov.uk/datasets/inspire/download/South_Staffordshire_Council.zip,,,2026-01-08,2025-01-08,
7058af9c6a0f85d6101c59484d83aa411ebb108ff0c653c2274aac2a7839168f,https://use-land-property-data.service.gov.uk/datasets/inspire/download/Adur_District_Council.zip,,,2026-01-08,2025-01-08,
88b994cded23508cb342ccc8dba27b48dd3409816e96961a936d40a0cbf1dcbc,https://use-land-property-data.service.gov.uk/datasets/inspire/download/Torbay_Council.zip,,,2026-01-08,2025-01-08,
a0451260aa1d9f81831943703b40d0c0ae56f9c5902f9b817a67c315efd346c5,https://use-land-property-data.service.gov.uk/datasets/inspire/download/Waverley_Borough_Council.zip,,,2026-01-08,2025-01-08,
c2751571e9691522a858bf7056e21aa2af1d882b8620cb80ae9f2fcfac5cb198,https://use-land-property-data.service.gov.uk/datasets/inspire/download/Swale_Borough_Council.zip,,,2026-01-08,2025-01-08,
cb7e9fa78e0ba74934125db3ecb2d00cbd3a4f7ddef4b46493daafaebb95e035,https://use-land-property-data.service.gov.uk/datasets/inspire/download/Stoke-on-Trent_City_Council.zip,,,2026-01-08,2025-01-08,
f2aac775115b8e92212af1400a2607530dd0f082ab14ab44d2ac811cae2a2cc6,https://use-land-property-data.service.gov.uk/datasets/inspire/download/Maidstone_Borough_Council.zip,,,2026-01-08,2025-01-08,
4235d332b500c36bf8bfc038775a2d206e9d03a77e8f1bf73d6e8db8e5251220,https://use-land-property-data.service.gov.uk/datasets/inspire/download/Coventry_City_Council.zip,,,2026-07-20,2025-07-20,
180496eb368e52fd7265484ce62b2b7baf954ba08350f13713a39e4c337262d9,https://use-land-property-data.service.gov.uk/datasets/inspire/download/South_Cambridgeshire_District_Council.zip,,,2026-07-28,2025-07-28,
3c2bbd60ce489f02644e371e868d963bc858998605be948bde4c3598cf04012a,https://use-land-property-data.service.gov.uk/datasets/inspire/download/Cambridge_City_Council.zip,,,2026-07-28,2025-07-28,
c2ed25c6cfd625c6d72dfcefc8a88039466bab51ec7c96ee58946a006af89ea5,https://use-land-property-data.service.gov.uk/datasets/inspire/download/East_Riding_of_Yorkshire_Council.zip,,,2026-07-28,2025-07-28,
d4d5d1e38b2078a61b0453fab210d9be57298e1641e5017ed2d222d026660b3e,https://use-land-property-data.service.gov.uk/datasets/inspire/download/Northumberland_County_Council.zip,,,2026-07-28,2025-07-28,
00060d00e21610b9cdb85557e1031f346c1226f7e1abb74289614f70a34906b0,https://use-land-property-data.service.gov.uk/datasets/inspire/download/Bromsgrove_District_Council.zip,,,2026-08-12,2026-08-12,
04fd3eaf6298eb7a40788e17cb495ae5a8a35e604578dd177598d13b3b17d0fb,https://use-land-property-data.service.gov.uk/datasets/inspire/download/Blaby_District_Council.zip,,,2026-08-12,2026-08-12,
06b2c514c748f9276fdac8b554480360c2f96bcd485d7367f07c1c664744d2fc,https://use-land-property-data.service.gov.uk/datasets/inspire/download/Broadland_District_Council.zip,,,2026-08-12,2026-08-12,
12589cea0d260dc8d09ea36be887568d2509ca27b19b1e319e27a6d5efe76c8b,https://use-land-property-data.service.gov.uk/datasets/inspire/download/Basildon_Borough_Council.zip,,,2026-08-12,2026-08-12,
132c7d1fa1219fafbdf54f4ee3b009743c5ff183b66907c81ca582ae2ff4cc41,https://use-land-property-data.service.gov.uk/datasets/inspire/download/Borough_Council_of_Kings_Lynn_and_West_Norfolk.zip,,,2026-08-12,2026-08-12,
14ae6a629ebe09b02d5506af5511b0cedb1f243b5d1959368328872d58e11a55,https://use-land-property-data.service.gov.uk/datasets/inspire/download/Central_Bedfordshire_Council.zip,,,2026-08-12,2026-08-12,
166f3de8480918f5e853f3786ac015b6661a6c5aa1c7862ecf3bed1bbdbb4f3b,https://use-land-property-data.service.gov.uk/datasets/inspire/download/Bracknell_Forest_Council.zip,,,2026-08-12,2026-08-12,
23e4aa8d3e74e0e780d1dd04da50b505055d1a00b892b3fe276caa9f6471747a,https://use-land-property-data.service.gov.uk/datasets/inspire/download/City_of_Bradford_Metropolitan_District_Council.zip,,,2026-08-12,2026-08-12,
2d0954f4cda6e98c4ddfda7b8d792be72ee79a61866191d3fc2719273ed0fc85,https://use-land-property-data.service.gov.uk/datasets/inspire/download/Bolsover_District_Council.zip,,,2026-08-12,2026-08-12,
2f6552e211e8a76468e3d0836d9bb233248d1753f7dccdd721d85ad2747cef7a,https://use-land-property-data.service.gov.uk/datasets/inspire/download/City_of_York_Council.zip,,,2026-08-12,2026-08-12,
354aff287b80a4c106121920319a3cafe56ec57c44e244ded243eb24af98bec2,https://use-land-property-data.service.gov.uk/datasets/inspire/download/Breckland_District_Council.zip,,,2026-08-12,2026-08-12,
38f9f8dc35b9b95db94fedf26fea4b672c9b5490768e2a2eee9543cc25c8557b,https://use-land-property-data.service.gov.uk/datasets/inspire/download/Cheshire_East_Council.zip,,,2026-08-12,2026-08-12,
3ad739aa722ba756cbfd92c2c5e4d42bd6adec983a7ca4301005a7759faa4bb8,https://use-land-property-data.service.gov.uk/datasets/inspire/download/Blackburn_with_Darwen_Borough_Council.zip,,,2026-08-12,2026-08-12,
3bc35597375fcb20c155284eddaeb1cdeb1aa83a41f55521be9aef54da4d8e4e,https://use-land-property-data.service.gov.uk/datasets/inspire/download/Bury_Metropolitan_Borough_Council.zip,,,2026-08-12,2026-08-12,
481ab0ae2944eb511549cfadf6c1467ee574f49347629c49afc6c2a6d2df8736,https://use-land-property-data.service.gov.uk/datasets/inspire/download/Amber_Valley_Borough_Council.zip,,,2026-08-12,2026-08-12,
4b2bbc4c22cd52fb0ee8fe58a8a32e780ee8cd9d0ad237b50f22a183a3622d5a,https://use-land-property-data.service.gov.uk/datasets/inspire/download/Charnwood_Borough_Council.zip,,,2026-08-12,2026-08-12,
4f052fabfdada11a9798d7a23770a693a6a29f3ef8ef1c01ffe3c3f26a4c7012,https://use-land-property-data.service.gov.uk/datasets/inspire/download/Ashford_Borough_Council.zip,,,2026-08-12,2026-08-12,
5d5fd2dd60e4b5a6f26b98d86f9ef2f8fa8e15b3cbf98403e31febcece6c31e1,https://use-land-property-data.service.gov.uk/datasets/inspire/download/Blackpool_Borough_Council.zip,,,2026-08-12,2026-08-12,
670519f7c3f6673c511ac3084aecb9e0ec0817349c64abfc8d56c5fc6584b7f9,https://use-land-property-data.service.gov.uk/datasets/inspire/download/Burnley_Borough_Council.zip,,,2026-08-12,2026-08-12,
752752a0ecb93350a8164a2b3207b8f3e594202191a2c22755c19327e9d71e9e,https://use-land-property-data.service.gov.uk/datasets/inspire/download/Bolton_Metropolitan_Borough_Council.zip,,,2026-08-12,2026-08-12,
80b69925eaf16f6f548e40a89836473588469df1d670a5beaeda7fd7ec50f7ac,https://use-land-property-data.service.gov.uk/datasets/inspire/download/Brighton_and_Hove_City_Council.zip,,,2026-08-12,2026-08-12,
89d3d9dedae96e9d3c3b9e3eaea51b33383a5c377740ee25ee7f87e13b63c929,https://use-land-property-data.service.gov.uk/datasets/inspire/download/Brentwood_Borough_Council.zip,,,2026-08-12,2026-08-12,
8f7a767e3d869e139edd66a76c00a613051fa5aca55c2f5f1c7097a25a21c04e,https://use-land-property-data.service.gov.uk/datasets/inspire/download/Cheltenham_Borough_Council.zip,,,2026-08-12,2026-08-12,
940a3c5b88e908cac92f3f843a0180eb4340340a91dc461bb9d6b22fcb2ac0e0,https://use-land-property-data.service.gov.uk/datasets/inspire/download/Braintree_District_Council.zip,,,2026-08-12,2026-08-12,
96e175c4eb716f134e4c8b5d651a5e6182ec349aaeaa511c099b5c84042e84e6,https://use-land-property-data.service.gov.uk/datasets/inspire/download/Bedford_Borough_Council.zip,,,2026-08-12,2026-08-12,
989705e9c102618c5a9919b0f6e0c5f270dd2ef8054287030c208aee98e89d0e,https://use-land-property-data.service.gov.uk/datasets/inspire/download/City_of_Lincoln_Council.zip,,,2026-08-12,2026-08-12,
9ca9393766958beeb68b18e1e984495199efe8ed9996cdb12a159147914ba3df,https://use-land-property-data.service.gov.uk/datasets/inspire/download/Cheshire_West_and_Chester_Council.zip,,,2026-08-12,2026-08-12,
9f3869127eda37928a7ef106cf0b593b16793c576a536b1220eb1737fb818d46,https://use-land-property-data.service.gov.uk/datasets/inspire/download/Broxtowe_Borough_Council.zip,,,2026-08-12,2026-08-12,
a050891cb5383c05d2c2f7700f0cb32cf643c6b3a04a27c3fb9daf887f176823,https://use-land-property-data.service.gov.uk/datasets/inspire/download/Bath_and_North_East_Somerset_Council.zip,,,2026-08-12,2026-08-12,
a4f136d3913ffd854e75987ba56fdb581b62987df0600c7bba24ec01d81c7f1f,https://use-land-property-data.service.gov.uk/datasets/inspire/download/Cherwell_District_Council.zip,,,2026-08-12,2026-08-12,
a9f04ee17fd8d0ed826a76d4dcabed1961790699ac21d960100713aa40cf07b0,https://use-land-property-data.service.gov.uk/datasets/inspire/download/Chesterfield_Borough_Council.zip,,,2026-08-12,2026-08-12,
abcf839cb388b75ee8a8079462c5cca934e8d3447422312e701c2a683a81de76,https://use-land-property-data.service.gov.uk/datasets/inspire/download/City_of_London_Corporation.zip,,,2026-08-12,2026-08-12,
ae1f8760aec98a7eb4fe27a5aaca7821732caa31ca2e870ea9ab668130c618ca,https://use-land-property-data.service.gov.uk/datasets/inspire/download/Arun_District_Council.zip,,,2026-08-12,2026-08-12,
ba06daa9bcbf38c77370e3142c8f6c536f304193e953fc6136683b94f2f5713a,https://use-land-property-data.service.gov.uk/datasets/inspire/download/Calderdale_Metropolitan_Borough_Council.zip,,,2026-08-12,2026-08-12,
beb483cc59af7ede16abb421985185435eadfcf9bfe609d5d8fe7165db65f854,https://use-land-property-data.service.gov.uk/datasets/inspire/download/Bournemouth_Christchurch_and_Poole_Council.zip,,,2026-08-12,2026-08-12,
cd3ab68dc1ce8d349c91b8a21e0f7e59d67a135243e9adf6b8e25445e833581a,https://use-land-property-data.service.gov.uk/datasets/inspire/download/Babergh_District_Council.zip,,,2026-08-12,2026-08-12,
cfa34103e893216fcc99bad34f21fa40176c0077edc0cdb2b0b33c7d46dadd7b,https://use-land-property-data.service.gov.uk/datasets/inspire/download/Boston_Borough_Council.zip,,,2026-08-12,2026-08-12,
d2f276991e3baa400bd7386fe4dbd9025a2dd8d3e86c5e586fde2a642070998f,https://use-land-property-data.service.gov.uk/datasets/inspire/download/Bassetlaw_District_Council.zip,,,2026-08-12,2026-08-12,
d5a25a2d5e68ce9a46b342fd4f9f24f401e87be35624a996cc85cae292629d8d,https://use-land-property-data.service.gov.uk/datasets/inspire/download/Basingstoke_and_Deane_Borough_Council.zip,,,2026-08-12,2026-08-12,
d77831c654146cfc43fcdc6785ced5462618c5ed83593800d796cb1559bcfb86,https://use-land-property-data.service.gov.uk/datasets/inspire/download/City_of_Wolverhampton_Council.zip,,,2026-08-12,2026-08-12,
d8bc7deca1c55540cbc295a521bb594161695ec5398167fe5baf94b1c36e6c7d,https://use-land-property-data.service.gov.uk/datasets/inspire/download/Barnsley_Metropolitan_Borough_Council.zip,,,2026-08-12,2026-08-12,
d8e79cc1f43b48ee114632060a36b3d05b2564895593c109571c31f07968190e,https://use-land-property-data.service.gov.uk/datasets/inspire/download/Cannock_Chase_District_Council.zip,,,2026-08-12,2026-08-12,
dbdfe929f8ad3409d6e05a0b71bfa6a4ad504d1e71aa7f63faabdd89e65e7d4f,https://use-land-property-data.service.gov.uk/datasets/inspire/download/Chorley_Borough_Council.zip,,,2026-08-12,2026-08-12,
e43b4b101400d092593b485378d5fb1b00e848439ecd2ac67a0c2553627b2193,https://use-land-property-data.service.gov.uk/datasets/inspire/download/Chichester_District_Council.zip,,,2026-08-12,2026-08-12,
e64b949a3fbf26d68b116c4e4598d91b2261b3ef1db0de2f9a530dc6f420fa0f,https://use-land-property-data.service.gov.uk/datasets/inspire/download/Cornwall_Council.zip,,,2026-08-12,2026-08-12,
e6f8c578a519580e95ed44ea4ae35db910f212bf9611f1e957ea2100d8f1f556,https://use-land-property-data.service.gov.uk/datasets/inspire/download/Colchester_Borough_Council.zip,,,2026-08-12,2026-08-12,
ea7992213ca8271b71f2ddc2bac5c5312087f17ceb3df9b30ed2168c97e9e12c,https://use-land-property-data.service.gov.uk/datasets/inspire/download/Castle_Point_Borough_Council.zip,,,2026-08-12,2026-08-12,
eb57009198218abbeaabe3fb5742c448983e107af52d34f7562b16c9ddb3a8ca,https://use-land-property-data.service.gov.uk/datasets/inspire/download/Ashfield_District_Council.zip,,,2026-08-12,2026-08-12,
f723b3dc97c4a42722e525fdb54b0321b54da45f17db9d3da4becc4a2347067a,https://use-land-property-data.service.gov.uk/datasets/inspire/download/Broxbourne_Borough_Council.zip,,,2026-08-12,2026-08-12,
ff57cb4a0c1903af38ac84fe6bb5c35ce29346dd5957328a07b64a35f494f9f0,https://use-land-property-data.service.gov.uk/datasets/inspire/download/Chelmsford_City_Council.zip,,,2026-08-12,2026-08-12,
008df79cb3365fd795a1bac8c8120f90bc449cd25dcdd4cc6d42c1c4dc92bc0b,https://use-land-property-data.service.gov.uk/datasets/inspire/download/Cotswold_District_Council.zip,,,2026-01-08,2025-01-08,
9aa7f98cdf5b50070c918118e9888e7f54cb7adaf48b2130ab3aaf91748d88db,https://use-land-property-data.service.gov.uk/datasets/inspire/download/Council_of_the_Isles_of_Scilly.zip,,,2026-01-08,2025-01-08,
b5a7388396b9f73f9efd8eacb7f1d3ade006f8d2400933f5a3927c117fe9f7f3,https://use-land-property-data.service.gov.uk/datasets/inspire/download/Crawley_Borough_Council.zip,,,2026-01-08,2025-01-08,
bd9f90c3547cdb8ffb7b6e6b8f0cf55209aa3689f625ed541837f4ebbfb66028,https://use-land-property-data.service.gov.uk/datasets/inspire/download/Cumberland_Council.zip,,,2026-01-08,2025-01-08,
b0a6bb3714481d512fdf2c83022930aa7447fb067906e218b962a8c55da68b13,https://use-land-property-data.service.gov.uk/datasets/inspire/download/Darlington_Borough_Council.zip,,,2026-01-08,2025-01-08,
fe5b7347eeeda523280b0eac065d9104b013b67095fc517d9eb1c4750f8364f1,https://use-land-property-data.service.gov.uk/datasets/inspire/download/Dartford_Borough_Council.zip,,,2026-01-08,2025-01-08,
e2f7b4c5294f0cef44ebbc2be64a9c44241a0f640624d296683b0dad69aeea96,https://use-land-property-data.service.gov.uk/datasets/inspire/download/Derby_City_Council.zip,,,2026-01-08,2025-01-08,
a956a3a35f3e814053cdb0d31ad46d7b74ea99c1d5855a959a8f83c85181f519,https://use-land-property-data.service.gov.uk/datasets/inspire/download/Derbyshire_Dales_District_Council.zip,,,2026-01-08,2025-01-08,
15a44f03436bcbde1ac256fd27e3627b67d0ea4b3afac0989f6c2ebe6ce72738,https://use-land-property-data.service.gov.uk/datasets/inspire/download/Dudley_Metropolitan_Borough_Council.zip,,,2026-01-08,2025-01-08,
6cc098d931cb5891717d824aaa82bf740adb0165c9a92d4e8e0844b31eec9d96,https://use-land-property-data.service.gov.uk/datasets/inspire/download/Durham_County_Council.zip,,,2026-01-08,2025-01-08,
927ac9276967633bf70e8df5d6b6e6ef8171ea16c61e3342aec4444c74dd1fd1,https://use-land-property-data.service.gov.uk/datasets/inspire/download/East_Cambridgeshire_District_Council.zip,,,2026-01-08,2025-01-08,
c23f03d5982097a576437cfbc67b38c6a9f34666c4ca9f89a07b43e8771db61b,https://use-land-property-data.service.gov.uk/datasets/inspire/download/East_Devon_District_Council.zip,,,2026-01-08,2025-01-08,
c8ab954b7581c68be7e7aa4098c03368fb9cd8262f9935c0d710f922e2217a0a,https://use-land-property-data.service.gov.uk/datasets/inspire/download/East_Hampshire_District_Council.zip,,,2026-01-08,2025-01-08,
418ce4e7e3b4a382eaf6d9386e3c1605328e22d048f9bd4e9534715204c1c454,https://use-land-property-data.service.gov.uk/datasets/inspire/download/East_Hertfordshire_District_Council.zip,,,2026-01-08,2025-01-08,
36158dbf068b525eebb69970310efa514a629b4b3f7f60ff59ca146d6dfd1462,https://use-land-property-data.service.gov.uk/datasets/inspire/download/East_Lindsey_District_Council.zip,,,2026-01-08,2025-01-08,
f01d797984b16f995cd8e61bc84a5849152262b4f7735a30760e1b364d136753,https://use-land-property-data.service.gov.uk/datasets/inspire/download/East_Staffordshire_Borough_Council.zip,,,2026-01-08,2025-01-08,
20b90443f5b2eaf589eec6d4406e81e4fe89ebfc72d8918935f244efc1e9f65b,https://use-land-property-data.service.gov.uk/datasets/inspire/download/East_Suffolk_Council.zip,,,2026-01-08,2025-01-08,
5fc1cef86826663a20383ab8f28f9c000737493054dc5035991f2234ce839822,https://use-land-property-data.service.gov.uk/datasets/inspire/download/Eastbourne_Borough_Council.zip,,,2026-01-08,2025-01-08,
2ab63340ddc147253ac5ab0c0a71b61ccf5a76421a98bfb3928d995b6762e192,https://use-land-property-data.service.gov.uk/datasets/inspire/download/Eastleigh_Borough_Council.zip,,,2026-01-08,2025-01-08,
14f2ffdc17d1fba4636932d55747d9b13e49fba248ee18f7437f22bd7d8eed90,https://use-land-property-data.service.gov.uk/datasets/inspire/download/Elmbridge_Borough_Council.zip,,,2026-01-08,2025-01-08,
79087eb96716bc1a9360c4ece9063eaa9b0c2f036bb4dae8822a8ab836770d9c,https://use-land-property-data.service.gov.uk/datasets/inspire/download/Epping_Forest_District_Council.zip,,,2026-01-08,2025-01-08,
207b54877d35c1d4a8d02d9b2c42d4a16cfa3bebf7df48c0b730a72bd9e3bee2,https://use-land-property-data.service.gov.uk/datasets/inspire/download/Erewash_Borough_Council.zip,,,2026-01-08,2025-01-08,
6397c5704884b3acb935a96fc0d00a3ebc90e89244502da59f2310f585a62caf,https://use-land-property-data.service.gov.uk/datasets/inspire/download/Exeter_City_Council.zip,,,2026-01-08,2025-01-08,
aae8cd9921a90c230797b653d8b53a24b90ee2fbf0dc4ac96d9c867c2b092064,https://use-land-property-data.service.gov.uk/datasets/inspire/download/Fareham_Borough_Council.zip,,,2026-01-08,2025-01-08,
e010dafb8d9e6e05d2673590e78349db1c9a67cb563cb9e94f6bd48596ce5e2f,https://use-land-property-data.service.gov.uk/datasets/inspire/download/Fenland_District_Council.zip,,,2026-01-08,2025-01-08,
efa83e8464dd79d2c58cd5284f8f71ade67723c5a074e4ff563cd60ec61b08d8,https://use-land-property-data.service.gov.uk/datasets/inspire/download/Folkestone_and_Hythe_District_Council.zip,,,2026-01-08,2025-01-08,
629019c30e22619c0d73f11fc8874a9c3bb89467146ab12becbd41f146cbef4b,https://use-land-property-data.service.gov.uk/datasets/inspire/download/Forest_of_Dean_District_Council.zip,,,2026-01-08,2025-01-08,
8991a2721d997850ba64fc52de949fba87b122a5cce75f6a91391c4e0a10a321,https://use-land-property-data.service.gov.uk/datasets/inspire/download/Fylde_Borough_Council.zip,,,2026-01-08,2025-01-08,
94c260b738197c7886f60966c549cf6d98494bdb64e5efa62bfdc0ad916abe4f,https://use-land-property-data.service.gov.uk/datasets/inspire/download/Gedling_Borough_Council.zip,,,2026-01-08,2025-01-08,
4c3048008788dea96015dc80ff1382102ca27d1cd5e383b7e5ec4db98bfc4e70,https://use-land-property-data.service.gov.uk/datasets/inspire/download/Gosport_Borough_Council.zip,,,2026-01-08,2025-01-08,
e4ebcb19622c4bde0dbf3a3bad88220bbf5559c3006f206fe9d8da7be2e66f48,https://use-land-property-data.service.gov.uk/datasets/inspire/download/Gravesham_Borough_Council.zip,,,2026-01-08,2025-01-08,
440c8585df0753321a18574b616440e198332193d99718876e87eac1f3f63795,https://use-land-property-data.service.gov.uk/datasets/inspire/download/Guildford_Borough_Council.zip,,,2026-01-08,2025-01-08,
53b70a3317fd793d3f28fccc3c0eaf4ca198083660ca1d91c2edc329896268ed,https://use-land-property-data.service.gov.uk/datasets/inspire/download/Halton_Borough_Council.zip,,,2026-01-08,2025-01-08,
ea1a55238d17895cc991c1c4e97e9670de8ab91bdb8b59b036bf3dee072a8e36,https://use-land-property-data.service.gov.uk/datasets/inspire/download/Harborough_District_Council.zip,,,2026-01-08,2025-01-08,
cd52b2caa850c117c66f6f3581b23c549d5a011f42ba7fff9233fa62c77f2970,https://use-land-property-data.service.gov.uk/datasets/inspire/download/Harlow_District_Council.zip,,,2026-01-08,2025-01-08,
c24f8f532a96560b76c7d3edfdd410c722a5d161345866ac2d8beece652dab5c,https://use-land-property-data.service.gov.uk/datasets/inspire/download/Hart_District_Council.zip,,,2026-01-08,2025-01-08,
209dcd50de7de0003c7d7b724bf04ddb8554138346866430ebbca24da64f107a,https://use-land-property-data.service.gov.uk/datasets/inspire/download/Hartlepool_Borough_Council.zip,,,2026-01-08,2025-01-08,
1e0dc7cb5a88eec6ea927be1f9e17806974bd99b043b21fb99179c4fd48f4f9e,https://use-land-property-data.service.gov.uk/datasets/inspire/download/Hastings_Borough_Council.zip,,,2026-01-08,2025-01-08,
13ce5edb1d3ece329457d2685fdec380db5daf75e106e91818af37cbaa1c4342,https://use-land-property-data.service.gov.uk/datasets/inspire/download/Havant_Borough_Council.zip,,,2026-01-08,2025-01-08,
ac0030aee27895d63c06f9e13680c9a315a5756fffdd0fc3c686afd01d05616f,https://use-land-property-data.service.gov.uk/datasets/inspire/download/Herefordshire_Council.zip,,,2026-01-08,2025-01-08,
becf254ccb32f70b421548fa342afb27540f7a3a09d5c889aceda2c972b3700e,https://use-land-property-data.service.gov.uk/datasets/inspire/download/Hertsmere_Borough_Council.zip,,,2026-01-08,2025-01-08,
9bfa481c638897eb1be1899f05ecd87318de3d46d0b25d548036decfe75de7ed,https://use-land-property-data.service.gov.uk/datasets/inspire/download/High_Peak_Borough_Council.zip,,,2026-01-08,2025-01-08,
a4f6723a29522f2db46681a3163b2e12c22f86ace3d0bc4382ba7a8df172d194,https://use-land-property-data.service.gov.uk/datasets/inspire/download/Hinckley_and_Bosworth_Borough_Council.zip,,,2026-01-08,2025-01-08,
8741a4c51ea7015d13539b96537bf6aa1baf96d231f6325cbdb4f0dfbec278be,https://use-land-property-data.service.gov.uk/datasets/inspire/download/Hull_City_Council.zip,,,2026-01-08,2025-01-08,
ff40b371486dd3c5875668c0ed67554749dda65c35516f438faa7b6e7388b899,https://use-land-property-data.service.gov.uk/datasets/inspire/download/Huntingdonshire_District_Council.zip,,,2026-01-08,2025-01-08,
2f764578eb05b42512037e7e4581f4442f0232ebd2e1a5ed32029c3f33a63e86,https://use-land-property-data.service.gov.uk/datasets/inspire/download/Hyndburn_Borough_Council.zip,,,2026-01-08,2025-01-08,
b5fbddb626412ff0b4a66dfacaa79e171321f3d73734a02f535f0e2871d72dbf,https://use-land-property-data.service.gov.uk/datasets/inspire/download/Ipswich_Borough_Council.zip,,,2026-01-08,2025-01-08,
1fe25336790082b39963c7f8e72bdcf8f8d79486701f85cbee4c426f479024f3,https://use-land-property-data.service.gov.uk/datasets/inspire/download/Isle_of_Wight_Council.zip,,,2026-01-08,2025-01-08,
a11b95c3f81ea7fcda426e5f653e3bd4a239a7fad5ec523c00d93f9c5dc4798e,https://use-land-property-data.service.gov.uk/datasets/inspire/download/Kirklees_Council.zip,,,2026-01-08,2025-01-08,
535f16621b599f195dca22b8d11f8be6dcfa36607241d4ead2f9f8408d7d113b,https://use-land-property-data.service.gov.uk/datasets/inspire/download/Knowsley_Metropolitan_Borough_Council.zip,,,2026-01-08,2025-01-08,
94a2b151808c1344f6a0f7c55d97f80c69f95013f68019abd6242f7ba062832a,https://use-land-property-data.service.gov.uk/datasets/inspire/download/Lancaster_City_Council.zip,,,2026-01-08,2025-01-08,
38499443413f9775446da62888d45812986762840fbc175be535a464f329d9b1,https://use-land-property-data.service.gov.uk/datasets/inspire/download/Leeds_City_Council.zip,,,2026-01-08,2025-01-08,
58b36626fd76b0e5ceabcff091fbc1a856d044745f2bebb7e5363439df1687c8,https://use-land-property-data.service.gov.uk/datasets/inspire/download/Leicester_City_Council.zip,,,2026-01-08,2025-01-08,
813e85aaa84017dec49a81dbaa4aca7b4c2db6b7de71a421aa571e62245615f2,https://use-land-property-data.service.gov.uk/datasets/inspire/download/Lewes_District_Council.zip,,,2026-01-08,2025-01-08,
fb2dfe4daf79df9f17160f474d83a6357a445a5990dcefdeefb6e78e224cf428,https://use-land-property-data.service.gov.uk/datasets/inspire/download/Lichfield_District_Council.zip,,,2026-01-08,2025-01-08,
67790beb39978889d9f38662d114ca9e288eb0c8eac0e43b4a76e88c46c54a3f,https://use-land-property-data.service.gov.uk/datasets/inspire/download/London_Borough_of_Barking_and_Dagenham.zip,,,2026-01-08,2025-01-08,
333f63b4dbaa805ec7117fdd252f78d44832ed6f526b0f43a935c6bb2c588490,https://use-land-property-data.service.gov.uk/datasets/inspire/download/London_Borough_of_Bexley.zip,,,2026-01-08,2025-01-08,
198f155bc34c979b7dcc60ae778ad665b86d32373e2990bf81471b50917bad7a,https://use-land-property-data.service.gov.uk/datasets/inspire/download/London_Borough_of_Bromley.zip,,,2026-01-08,2025-01-08,
067762167ceabe9a234670904caad9b47ce22fad442b7e2aa1e7cb0c0e6ef976,https://use-land-property-data.service.gov.uk/datasets/inspire/download/London_Borough_of_Croydon.zip,,,2026-01-08,2025-01-08,
ea3ed38ea76aef472e4800eca1a142c572cbbbace11afec2b682b7ddd26879f3,https://use-land-property-data.service.gov.uk/datasets/inspire/download/London_Borough_of_Ealing.zip,,,2026-01-08,2025-01-08,
78122930949aba96e0fa022340ad2f3f009045905ef7cfb5eb5e956ecae30128,https://use-land-property-data.service.gov.uk/datasets/inspire/download/London_Borough_of_Enfield.zip,,,2026-01-08,2025-01-08,
14ee3cd67ad04ce5b7d2795547904b4538ea412aa49fad694bef3bd7b7e77026,https://use-land-property-data.service.gov.uk/datasets/inspire/download/London_Borough_of_Hackney.zip,,,2026-01-08,2025-01-08,
80a9248f8d87faa54b55fdf938e0004e9fc008b3dbc615108818de8c691fbd7d,https://use-land-property-data.service.gov.uk/datasets/inspire/download/London_Borough_of_Hammersmith_and_Fulham.zip,,,2026-01-08,2025-01-08,
d0692032d289c325c7fdc29a3b99802191aa06965f9e452f28f30d7915de9568,https://use-land-property-data.service.gov.uk/datasets/inspire/download/London_Borough_of_Haringey.zip,,,2026-01-08,2025-01-08,
865d50b5e02775338c228b05de4116788d1e43ed30d12e0a39998e123b242929,https://use-land-property-data.service.gov.uk/datasets/inspire/download/London_Borough_of_Harrow.zip,,,2026-01-08,2025-01-08,
9da248ff62ba3151a61a4bac25c40d8520b6d29032c88a2c302764a4e2bfe301,https://use-land-property-data.service.gov.uk/datasets/inspire/download/London_Borough_of_Havering.zip,,,2026-01-08,2025-01-08,
9f151541e9d0397d46094c59a09ffbe48a615e24230803bc6f2386d10a34c87d,https://use-land-property-data.service.gov.uk/datasets/inspire/download/London_Borough_of_Hillingdon.zip,,,2026-01-08,2025-01-08,
8bfd698f59317ced4733cfe58adce81d09613f179acacd164399b05ec80a7fbb,https://use-land-property-data.service.gov.uk/datasets/inspire/download/London_Borough_of_Hounslow.zip,,,2026-01-08,2025-01-08,
d9dd12a0f7c952663a43b76acc92a4ed48d5805e93470240a8bce838dc9e2ebb,https://use-land-property-data.service.gov.uk/datasets/inspire/download/London_Borough_of_Islington.zip,,,2026-01-08,2025-01-08,
825cfbdf7933c02e40ebe49c39daaec4e822c471422e3efb8c846460ead99954,https://use-land-property-data.service.gov.uk/datasets/inspire/download/London_Borough_of_Lewisham.zip,,,2026-01-08,2025-01-08,
c89a4ac0497decc4ecba745b2ab5c41881f3cd329ce7a7df41333a172add6c9e,https://use-land-property-data.service.gov.uk/datasets/inspire/download/London_Borough_of_Merton.zip,,,2026-01-08,2025-01-08,
ce693936a47f48ec51cbda2b35f84a67b9242375b813b95ff8a3e4219b61a752,https://use-land-property-data.service.gov.uk/datasets/inspire/download/London_Borough_of_Newham.zip,,,2026-01-08,2025-01-08,
7387ab7dedf7fe150249d09a6692e2b7869e4fabe40ea55dc71d6447cce7258f,https://use-land-property-data.service.gov.uk/datasets/inspire/download/London_Borough_of_Richmond_upon_Thames.zip,,,2026-01-08,2025-01-08,
5f4866bb52bbabca8611ba1e998edff02efcf23c2ad91f41bca3bc016dbb3f1c,https://use-land-property-data.service.gov.uk/datasets/inspire/download/London_Borough_of_Sutton.zip,,,2026-01-08,2025-01-08,
67358d1019534c437ee756ee4dee7c088608bbc6f81e6e880a92d20ccd483098,https://use-land-property-data.service.gov.uk/datasets/inspire/download/London_Borough_of_Tower_Hamlets.zip,,,2026-01-08,2025-01-08,
614513d306cdf7ac7dd67e2266839d3de17763299ff98f722ad511cfbc644f71,https://use-land-property-data.service.gov.uk/datasets/inspire/download/London_Borough_of_Wandsworth.zip,,,2026-01-08,2025-01-08,
10b31952e9001ff98f75b4c6bac3cef4e941115e9a57d8544d962b0b37e279eb,https://use-land-property-data.service.gov.uk/datasets/inspire/download/Luton_Borough_Council.zip,,,2026-01-08,2025-01-08,
cc8f98abde6cf17091c159ca54dd9de006f436cec2260f35a38253e531884f15,https://use-land-property-data.service.gov.uk/datasets/inspire/download/Maldon_District_Council.zip,,,2026-01-08,2025-01-08,
09255cc77629990d287688910dcc64d70d8bc2f5a2e0a7e052f91aa0fc9ec2a7,https://use-land-property-data.service.gov.uk/datasets/inspire/download/Malvern_Hills_District_Council.zip,,,2026-01-08,2025-01-08,
627f4af4bbd2a1a911e3987a9ce6d00315df304d9ef69334cbaa1b600ee9d892,https://use-land-property-data.service.gov.uk/datasets/inspire/download/Manchester_City_Council.zip,,,2026-01-08,2025-01-08,
f75b7935d256ab8b6ca4c1d6f6717cfc4608141b6006ec06ae7e276a39ccd401,https://use-land-property-data.service.gov.uk/datasets/inspire/download/Mansfield_District_Council.zip,,,2026-01-08,2025-01-08,
7b1ff85ba3075d9477809c6c32f101c1f51e659114a24f99f0d04bbab49f50cd,https://use-land-property-data.service.gov.uk/datasets/inspire/download/Melton_Borough_Council.zip,,,2026-01-08,2025-01-08,
032ab3e37f5ff00b6a1f75f7efab54b1a5fc278b88a6e49af080a981aa5ee916,https://use-land-property-data.service.gov.uk/datasets/inspire/download/Mid_Devon_District_Council.zip,,,2026-01-08,2025-01-08,
8da231ec03258e305f367cc513035f05a206a469937876050722f72dd1a88536,https://use-land-property-data.service.gov.uk/datasets/inspire/download/Mid_Suffolk_District_Council.zip,,,2026-01-08,2025-01-08,
70a414ce33b7be79367b4d9c573a238c064024edc3f4f3ecc3a31469747bc611,https://use-land-property-data.service.gov.uk/datasets/inspire/download/Mid_Sussex_District_Council.zip,,,2026-01-08,2025-01-08,
d0dac28c5d944b2cbad762ff409b75e59c89ad8dd29990516e0a1ce212c93909,https://use-land-property-data.service.gov.uk/datasets/inspire/download/Middlesbrough_Borough_Council.zip,,,2026-01-08,2025-01-08,
2cf5108285de74ee07cfed830c37caf35e9eb33004a2d7ad16d4c137fbf17880,https://use-land-property-data.service.gov.uk/datasets/inspire/download/Milton_Keynes_Council.zip,,,2026-01-08,2025-01-08,
c858997e81f4878644b96f1cb314a556c716a632ef8cea4e0ce590dd3a5815d5,https://use-land-property-data.service.gov.uk/datasets/inspire/download/Mole_Valley_District_Council.zip,,,2026-01-08,2025-01-08,
1749e5132d5a532aaf78015a8366e0131541ad2e892f06e4d87459f62e9d6ffd,https://use-land-property-data.service.gov.uk/datasets/inspire/download/New_Forest_District_Council.zip,,,2026-01-08,2025-01-08,
25bacad2e1e43fc3b67ae1a34ca665eeb45e041ae016ae7a18dbbd1ce420a5a7,https://use-land-property-data.service.gov.uk/datasets/inspire/download/Newark_and_Sherwood_District_Council.zip,,,2026-01-08,2025-01-08,
79109185ac6896946256b8dba052d4369858e965be5883ce1a69d337f89d814a,https://use-land-property-data.service.gov.uk/datasets/inspire/download/Newcastle-under-Lyme_Borough_Council.zip,,,2026-01-08,2025-01-08,
0903f024573b6f68d36178f70e618f2e90f99fde40b06f5beb890b8cef36b3df,https://use-land-property-data.service.gov.uk/datasets/inspire/download/North_Devon_District_Council.zip,,,2026-01-08,2025-01-08,
fdebbbc34949971c49f3eb6c0ea9b3d4eebff3436e594bad36d12851f32a47da,https://use-land-property-data.service.gov.uk/datasets/inspire/download/North_East_Derbyshire_District_Council.zip,,,2026-01-08,2025-01-08,
398fb9672b5ed9287d9c5f0bcc007d8b4d375fad4b093eb9709d04601faf14da,https://use-land-property-data.service.gov.uk/datasets/inspire/download/North_East_Lincolnshire_Council.zip,,,2026-01-08,2025-01-08,
0f5ce3e77202ffbea126d7df021dae72f1da9619a43c9612045f9c3f877fb894,https://use-land-property-data.service.gov.uk/datasets/inspire/download/North_Hertfordshire_District_Council.zip,,,2026-01-08,2025-01-08,
35b7b64eda0d73841ffed3c4213510d9654ecd013d632e8246002fd65edd4681,https://use-land-property-data.service.gov.uk/datasets/inspire/download/North_Kesteven_District_Council.zip,,,2026-01-08,2025-01-08,
71088a23c41c940c165905d97ccc354f46f38bfeb9783360b42131d621a4b5fb,https://use-land-property-data.service.gov.uk/datasets/inspire/download/North_Norfolk_District_Council.zip,,,2026-01-08,2025-01-08,
0f5d29b2a30e7cde3457b05678ee60d577e6d03f984376b215a1f9b4bc10f9bb,https://use-land-property-data.service.gov.uk/datasets/inspire/download/North_Northamptonshire_Council.zip,,,2026-01-08,2025-01-08,
8bc02b78bc0000edbd906776bccd572b5fba4425efe35671d36dc13038a6d44b,https://use-land-property-data.service.gov.uk/datasets/inspire/download/North_Warwickshire_Borough_Council.zip,,,2026-01-08,2025-01-08,
77af4cb98ecc41a7d191042bf4fd0a3e4cf5b4303feafaf1ff3856e9133880f9,https://use-land-property-data.service.gov.uk/datasets/inspire/download/North_West_Leicestershire_District_Council.zip,,,2026-01-08,2025-01-08,
