source,attribution,collection,documentation-url,endpoint,licence,organisation,pipelines,entry-date,start-date,end-date
e4992b8c402b14158ddb995535c0edd3,,title-boundary,https://use-land-property-data.service.gov.uk/datasets/inspire,23686a3a2c3a87f252ed6f4ddf7ecbbacffef7a8664eee7908bcf6f5d7b4ce98,,government-organisation:D69,title-boundary,2023-12-01T16:16:28.040Z,,
f3287b7b8507aa91ed1abbda971cccdd,,title-boundary,https://use-land-property-data.service.gov.uk/datasets/inspire,6e33d6130d74685cb4a6c409223aaee65642bb20299f96ea730d4e84a1a8d6f5,,government-organisation:D69,title-boundary,2023-12-01T16:16:39.330Z,,
930ba12da1bc4103b50c96dd8000462c,,title-boundary,https://use-land-property-data.service.gov.uk/datasets/inspire,50aac9bc7f9c3d0ac28df234556784ee60b960617e8e03527a6df4cd192a25bd,,government-organisation:D69,title-boundary,2023-12-01T16:16:45.290Z,,
3b6529127d5f1c1bd5c737cd20fa3e32,,title-boundary,https://use-land-property-data.service.gov.uk/datasets/inspire,2e75625d82d2aba799181a311b9174537ea17c1c416338a8c4ae932b6e1554a0,,government-organisation:D69,title-boundary,2023-12-04T10:10:20.020Z,,
6a17d698674358414e820a4391c0df7f,,title-boundary,https://use-land-property-data.service.gov.uk/datasets/inspire,0d31bd2c4b334e12c393525b247497fb3400f61a85fc7f19e6a3e48b9d9201b7,,government-organisation:D69,title-boundary,2023-12-04T10:10:55.250Z,,
a527012a66c761b37c47e678b6655839,,title-boundary,https://use-land-property-data.service.gov.uk/datasets/inspire,6ae3b391ef09f032e2f3920951adeec430959a6eb7529e642bd359a520b2671d,,government-organisation:D69,title-boundary,2023-12-04T11:11:11.120Z,,
8ea2117b9ce96da71b3a12ae6fe8d328,,title-boundary,https://use-land-property-data.service.gov.uk/datasets/inspire,76c5c0502ce8e6b12ee49fb20ca2a25081a94e8619e6a2567eae5ba32a3317f4,,government-organisation:D69,title-boundary,2023-12-04T11:11:20.170Z,,
57175acf4897d8e1178bf508dc50486e,,title-boundary,https://use-land-property-data.service.gov.uk/datasets/inspire,8b4872cf8fd347ce1caab0329ab2ed85444f9202c27b17ab0458fed5e4d1a1ae,,government-organisation:D69,title-boundary,2023-12-04T11:11:33.060Z,,
158c4e17d37984c941f7736b21fbed63,,title-boundary,https://use-land-property-data.service.gov.uk/datasets/inspire,6bc6d961788f20136edd1ad61dc7514b7798020582274c3e6342f8b42760b085,,government-organisation:D69,title-boundary,2023-12-04T11:11:42.490Z,,
5a7cc792f7f2c95a45b57bbeaf8afe42,,title-boundary,https://use-land-property-data.service.gov.uk/datasets/inspire,b0a95149887d76c822920d9232832381b6f9f43f1acc01a070846df5e4b50cdd,,government-organisation:D69,title-boundary,2023-12-04T11:11:55.230Z,,
5e3156357735ea48ec15e7c956b3716d,,title-boundary,https://use-land-property-data.service.gov.uk/datasets/inspire,833c4b82a2250ada3fc315a4a7a4594629b17e129c0104ddab985175d6d3ee43,,government-organisation:D69,title-boundary,2023-12-04T12:12:11.480Z,,
1e936efb057a4c38d258d30d0edee23c,,title-boundary,https://use-land-property-data.service.gov.uk/datasets/inspire,fde2c745fa3cb2f2d577f953326dcbc4a5925d4567c52c81293ed35fe0881295,,government-organisation:D69,title-boundary,2023-12-04T13:13:04.210Z,,
07c5d34a24b8745aecfe99890d1f6ebd,,title-boundary,https://use-land-property-data.service.gov.uk/datasets/inspire,337259cc49cee99ec40ad1a0a33ced189a454a696184529c9e6c543d8736d718,,government-organisation:D69,title-boundary,2023-12-04T13:13:21.450Z,,
fe52eeaa3ee8338e69ba092635aba188,,title-boundary,https://use-land-property-data.service.gov.uk/datasets/inspire,d0d8c9cd1cc31190ce93f8bb625898a21f799a4057543fc53a00bcbe93ead66b,,government-organisation:D69,title-boundary,2023-12-04T13:13:51.320Z,,
5614f7bceb961233745345ab1146aaf2,,title-boundary,https://use-land-property-data.service.gov.uk/datasets/inspire,9749aae9aaffafb66afd73246dd96194c5f7aa59aad59d0e6723dd848f676d5c,,government-organisation:D69,title-boundary,2023-12-04T14:14:06.390Z,,
623eadb01f66e1eb3e6285684b5c2840,,title-boundary,https://use-land-property-data.service.gov.uk/datasets/inspire,aec9bfe527a7ef8219859474ad190b7baaf1265b57b3b8f88c68906a338526aa,,government-organisation:D69,title-boundary,2023-12-04T16:16:23.190Z,,
f350d37ab905154eb34c7c76583dc3ae,,title-boundary,https://use-land-property-data.service.gov.uk/datasets/inspire,484fd8584ad5af272693cf9031e6641e69d6faa55ede065b882a22f0ccc6f665,,government-organisation:D69,title-boundary,2023-12-04T16:16:33.190Z,,
f86d0be575011bd37f72c6548333c4c6,,title-boundary,https://use-land-property-data.service.gov.uk/datasets/inspire,23ab0cf83f1b79caa68f917d8e6ed4606e44a60142cea9b878d74d86748867fd,,government-organisation:D69,title-boundary,2023-12-04T16:16:47.240Z,,
ce6255f247e0ad5b9ba2522fe6f7947a,,title-boundary,https://use-land-property-data.service.gov.uk/datasets/inspire,c911153406cf371a85bb6a02bd6330ca17f842e62c1979332f4b4fee7a3b4437,,government-organisation:D69,title-boundary,2023-12-04T16:16:56.350Z,,
587d4e9249b727107f41a87f1607d73d,,title-boundary,https://use-land-property-data.service.gov.uk/datasets/inspire,e30777de57e3ef8eb0c01cfb10dcb6ef17ab70b0a9878d65e6643b3027c50e5b,,government-organisation:D69,title-boundary,2023-12-04T17:17:06.010Z,,
2f4975baaeaa2415a96c16472114436a,,title-boundary,https://use-land-property-data.service.gov.uk/datasets/inspire,82df219d2d41c247d48a152dc4d72c37566ef6767d03da3d2db455bb9a39445b,,government-organisation:D69,title-boundary,2023-12-04T17:17:15.550Z,,
01ec7d54162ba6c11a81041244b9e215,,title-boundary,https://use-land-property-data.service.gov.uk/datasets/inspire,fe460641db6917935fd5d65c72d9787ebd00a63bea0094c87f3860ba52f0bed2,,government-organisation:D69,title-boundary,2023-12-04T17:17:25.400Z,,
a49592cfa3d0232fa1541b55355e98e9,,title-boundary,https://use-land-property-data.service.gov.uk/datasets/inspire,d8a52e13b9859359087d30650808938d7d7f2197e08e6834d670c1fc37029b2b,,government-organisation:D69,title-boundary,2023-12-04T17:17:35.250Z,,
aa052cff486d1549242e2cc0887c4c59,,title-boundary,https://use-land-property-data.service.gov.uk/datasets/inspire,c355e62fb91851668c9839ef256db5788b258de925546d3faa5c7de10c85d11d,,government-organisation:D69,title-boundary,2023-12-04T17:17:43.580Z,,
eed3fafe5685bdc08b4af47649d0cf0a,,title-boundary,https://use-land-property-data.service.gov.uk/datasets/inspire,c01fe9fd20a40a2909769a4bca2cf0cb1c4b14606518b0b5cd76363576e8d9eb,,government-organisation:D69,title-boundary,2023-12-04T17:17:52.450Z,,
4a9ce42a0ac6be2612e58353fcfd734e,,title-boundary,https://use-land-property-data.service.gov.uk/datasets/inspire,0a5ac2a21cccaa483e17e4c6de9814e7c3fe71d8fda49c841deb33e96905bbbb,,government-organisation:D69,title-boundary,2023-12-04T18:18:01.220Z,,
7b382182fe5faafe955d9e612d4ce1c6,,title-boundary,https://use-land-property-data.service.gov.uk/datasets/inspire,6fdab5d9359e1300f989c8378f58b3aae6f7f20babd2459b7f1724151d21f568,ogl3,government-organisation:D69,title-boundary,2024-11-06,,
86d1f5281b52267695ceec491f6a90b8,,title-boundary,https://use-land-property-data.service.gov.uk/datasets/inspire,01683fb1601fb4c9f0676e0f743bcf8999ec6606c14ea6496a18cdbc3fc51cf9,ogl3,government-organisation:D69,title-boundary,2026-01-08,2025-01-08,
4c464336ee0d6243add371896532b340,,title-boundary,https://use-land-property-data.service.gov.uk/datasets/inspire,07d59437cbe6c4ded5cddbd36378a04e23375a95a1cca47cec8673e1423e7327,ogl3,government-organisation:D69,title-boundary,2026-01-08,2025-01-08,
7bf97e0dcfbd510bf77ad0c2b5258859,,title-boundary,https://use-land-property-data.service.gov.uk/datasets/inspire,0c0c67ffefa663441fd23c055dbdbaccff5c2e994ce41d514e488c1af769bc77,ogl3,government-organisation:D69,title-boundary,2026-01-08,2025-01-08,
dd921fc26f3bc6aa2d62d60f81ac7443,,title-boundary,https://use-land-property-data.service.gov.uk/datasets/inspire,1f41c212567e3d644083fe2e74d878def6ed3ccbe5545ae39b6163b01961c026,ogl3,government-organisation:D69,title-boundary,2026-01-08,2025-01-08,
f326ab3805a9eb7d9b903dc9797e7f37,,title-boundary,https://use-land-property-data.service.gov.uk/datasets/inspire,2598b818b8fcc9cbba3f9c0bebddef4ae61edd3a44dabf40bfff4d9bcff6ea6f,ogl3,government-organisation:D69,title-boundary,2026-01-08,2025-01-08,
257bc0cafce1b1d0266df373827542b1,,title-boundary,https://use-land-property-data.service.gov.uk/datasets/inspire,40623085c42c53bb23a34700bc5d44a95f2cf22ce70d90da734d8138cf12172c,ogl3,government-organisation:D69,title-boundary,2026-01-08,2025-01-08,
691fa517903fe3ff827b5dd27e3ceeff,,title-boundary,https://use-land-property-data.service.gov.uk/datasets/inspire,4235d332b500c36bf8bfc038775a2d206e9d03a77e8f1bf73d6e8db8e5251220,ogl3,government-organisation:D69,title-boundary,2026-01-08,2025-01-08,
6aacf49f4c52fdedc643017206125430,,title-boundary,https://use-land-property-data.service.gov.uk/datasets/inspire,5422435c150e9eb5d1c6d702796ed5d1f9219a3b7cb1f5e62778c78bf5b99267,ogl3,government-organisation:D69,title-boundary,2026-01-08,2025-01-08,
f8ecc4e26442bd5d779a7a131231b6da,,title-boundary,https://use-land-property-data.service.gov.uk/datasets/inspire,67b3fe15d0a89568f538d20fecf43992443b8dbfbff6cc62aac82005df176a1c,ogl3,government-organisation:D69,title-boundary,2026-01-08,2025-01-08,
bf8c84e7748d3579ed73ab7358aeae45,,title-boundary,https://use-land-property-data.service.gov.uk/datasets/inspire,7058af9c6a0f85d6101c59484d83aa411ebb108ff0c653c2274aac2a7839168f,ogl3,government-organisation:D69,title-boundary,2026-01-08,2025-01-08,
bac9eb523d92c01a24bbeedd1ed984ff,,title-boundary,https://use-land-property-data.service.gov.uk/datasets/inspire,88b994cded23508cb342ccc8dba27b48dd3409816e96961a936d40a0cbf1dcbc,ogl3,government-organisation:D69,title-boundary,2026-01-08,2025-01-08,
a94cde694735583189c2e044a674727b,,title-boundary,https://use-land-property-data.service.gov.uk/datasets/inspire,a0451260aa1d9f81831943703b40d0c0ae56f9c5902f9b817a67c315efd346c5,ogl3,government-organisation:D69,title-boundary,2026-01-08,2025-01-08,
671e186f48fbdaf5101c3cad80cb914f,,title-boundary,https://use-land-property-data.service.gov.uk/datasets/inspire,c2751571e9691522a858bf7056e21aa2af1d882b8620cb80ae9f2fcfac5cb198,ogl3,government-organisation:D69,title-boundary,2026-01-08,2025-01-08,
92749eef2406251ada66821468c183db,,title-boundary,https://use-land-property-data.service.gov.uk/datasets/inspire,cb7e9fa78e0ba74934125db3ecb2d00cbd3a4f7ddef4b46493daafaebb95e035,ogl3,government-organisation:D69,title-boundary,2026-01-08,2025-01-08,
accf6c1a8b37ee60b095c3e8e8260a2d,,title-boundary,https://use-land-property-data.service.gov.uk/datasets/inspire,f2aac775115b8e92212af1400a2607530dd0f082ab14ab44d2ac811cae2a2cc6,ogl3,government-organisation:D69,title-boundary,2026-01-08,2025-01-08,
954932d0c25d91596240d08bef655bd0,,title-boundary,https://use-land-property-data.service.gov.uk/datasets/inspire,180496eb368e52fd7265484ce62b2b7baf954ba08350f13713a39e4c337262d9,ogl3,government-organisation:D69,title-boundary,2026-07-28,2025-07-28,
66d7c3698b6db1f243139bb9852b46b4,,title-boundary,https://use-land-property-data.service.gov.uk/datasets/inspire,3c2bbd60ce489f02644e371e868d963bc858998605be948bde4c3598cf04012a,ogl3,government-organisation:D69,title-boundary,2026-07-28,2025-07-28,
12b328cee41e67bd17dc210b39fa4c3b,,title-boundary,https://use-land-property-data.service.gov.uk/datasets/inspire,c2ed25c6cfd625c6d72dfcefc8a88039466bab51ec7c96ee58946a006af89ea5,ogl3,government-organisation:D69,title-boundary,2026-07-28,2025-07-28,
ea5a8b1330071371c25b2e4e16c8d635,,title-boundary,https://use-land-property-data.service.gov.uk/datasets/inspire,d4d5d1e38b2078a61b0453fab210d9be57298e1641e5017ed2d222d026660b3e,ogl3,government-organisation:D69,title-boundary,2026-07-28,2025-07-28,
52938eb446607926e06da45a1bba856b,,title-boundary,https://use-land-property-data.service.gov.uk/datasets/inspire,00060d00e21610b9cdb85557e1031f346c1226f7e1abb74289614f70a34906b0,ogl3,government-organisation:D69,title-boundary,2026-08-12,2026-08-12,
42bb7a965c5b0b8e1469dd39ea07b542,,title-boundary,https://use-land-property-data.service.gov.uk/datasets/inspire,04fd3eaf6298eb7a40788e17cb495ae5a8a35e604578dd177598d13b3b17d0fb,ogl3,government-organisation:D69,title-boundary,2026-08-12,2026-08-12,
a07bc0776443989d49d1b4de56c2f33b,,title-boundary,https://use-land-property-data.service.gov.uk/datasets/inspire,06b2c514c748f9276fdac8b554480360c2f96bcd485d7367f07c1c664744d2fc,ogl3,government-organisation:D69,title-boundary,2026-08-12,2026-08-12,
9d61fa41ecd96fc7a5642bd21088d91a,,title-boundary,https://use-land-property-data.service.gov.uk/datasets/inspire,12589cea0d260dc8d09ea36be887568d2509ca27b19b1e319e27a6d5efe76c8b,ogl3,government-organisation:D69,title-boundary,2026-08-12,2026-08-12,
af5c4aabf7e6a7b95ec39d24fb4e26f8,,title-boundary,https://use-land-property-data.service.gov.uk/datasets/inspire,132c7d1fa1219fafbdf54f4ee3b009743c5ff183b66907c81ca582ae2ff4cc41,ogl3,government-organisation:D69,title-boundary,2026-08-12,2026-08-12,
5c12a22fd8995c705d40031c2ca0a1b7,,title-boundary,https://use-land-property-data.service.gov.uk/datasets/inspire,14ae6a629ebe09b02d5506af5511b0cedb1f243b5d1959368328872d58e11a55,ogl3,government-organisation:D69,title-boundary,2026-08-12,2026-08-12,
73ad11549eba5c5bc8072149c86b8c6e,,title-boundary,https://use-land-property-data.service.gov.uk/datasets/inspire,166f3de8480918f5e853f3786ac015b6661a6c5aa1c7862ecf3bed1bbdbb4f3b,ogl3,government-organisation:D69,title-boundary,2026-08-12,2026-08-12,
3b5801b7544325daeb6aa62145b74633,,title-boundary,https://use-land-property-data.service.gov.uk/datasets/inspire,23e4aa8d3e74e0e780d1dd04da50b505055d1a00b892b3fe276caa9f6471747a,ogl3,government-organisation:D69,title-boundary,2026-08-12,2026-08-12,
68bee758a9ad47a456fe1c52685e0573,,title-boundary,https://use-land-property-data.service.gov.uk/datasets/inspire,2d0954f4cda6e98c4ddfda7b8d792be72ee79a61866191d3fc2719273ed0fc85,ogl3,government-organisation:D69,title-boundary,2026-08-12,2026-08-12,
56b3d8495267c828cf5a5356ec5cac59,,title-boundary,https://use-land-property-data.service.gov.uk/datasets/inspire,2f6552e211e8a76468e3d0836d9bb233248d1753f7dccdd721d85ad2747cef7a,ogl3,government-organisation:D69,title-boundary,2026-08-12,2026-08-12,
791bf51547a116062173ce09893e184a,,title-boundary,https://use-land-property-data.service.gov.uk/datasets/inspire,354aff287b80a4c106121920319a3cafe56ec57c44e244ded243eb24af98bec2,ogl3,government-organisation:D69,title-boundary,2026-08-12,2026-08-12,
6bb013071b569715c28e02392666538f,,title-boundary,https://use-land-property-data.service.gov.uk/datasets/inspire,38f9f8dc35b9b95db94fedf26fea4b672c9b5490768e2a2eee9543cc25c8557b,ogl3,government-organisation:D69,title-boundary,2026-08-12,2026-08-12,
9daf4478ebcc82b961571deb2bdcb26b,,title-boundary,https://use-land-property-data.service.gov.uk/datasets/inspire,3ad739aa722ba756cbfd92c2c5e4d42bd6adec983a7ca4301005a7759faa4bb8,ogl3,government-organisation:D69,title-boundary,2026-08-12,2026-08-12,
f4f6eda27dd0f432786a043e16af1151,,title-boundary,https://use-land-property-data.service.gov.uk/datasets/inspire,3bc35597375fcb20c155284eddaeb1cdeb1aa83a41f55521be9aef54da4d8e4e,ogl3,government-organisation:D69,title-boundary,2026-08-12,2026-08-12,
34c1ef738afd6f809ea2379c5a89e6a0,,title-boundary,https://use-land-property-data.service.gov.uk/datasets/inspire,481ab0ae2944eb511549cfadf6c1467ee574f49347629c49afc6c2a6d2df8736,ogl3,government-organisation:D69,title-boundary,2026-08-12,2026-08-12,
49ecd0363e91fee7782983815481143c,,title-boundary,https://use-land-property-data.service.gov.uk/datasets/inspire,4b2bbc4c22cd52fb0ee8fe58a8a32e780ee8cd9d0ad237b50f22a183a3622d5a,ogl3,government-organisation:D69,title-boundary,2026-08-12,2026-08-12,
25490bf8c430ed2dd3d50a6d518212e0,,title-boundary,https://use-land-property-data.service.gov.uk/datasets/inspire,4f052fabfdada11a9798d7a23770a693a6a29f3ef8ef1c01ffe3c3f26a4c7012,ogl3,government-organisation:D69,title-boundary,2026-08-12,2026-08-12,
0158e1aa803813ac2eed8ce28f7494a2,,title-boundary,https://use-land-property-data.service.gov.uk/datasets/inspire,5d5fd2dd60e4b5a6f26b98d86f9ef2f8fa8e15b3cbf98403e31febcece6c31e1,ogl3,government-organisation:D69,title-boundary,2026-08-12,2026-08-12,
3e1dcfcaec3cffbc7954d33091a71eef,,title-boundary,https://use-land-property-data.service.gov.uk/datasets/inspire,670519f7c3f6673c511ac3084aecb9e0ec0817349c64abfc8d56c5fc6584b7f9,ogl3,government-organisation:D69,title-boundary,2026-08-12,2026-08-12,
17936aba4fcd5d6f67b30f7de82706f7,,title-boundary,https://use-land-property-data.service.gov.uk/datasets/inspire,752752a0ecb93350a8164a2b3207b8f3e594202191a2c22755c19327e9d71e9e,ogl3,government-organisation:D69,title-boundary,2026-08-12,2026-08-12,
81f96b675e181ce8af6af325b2ed500c,,title-boundary,https://use-land-property-data.service.gov.uk/datasets/inspire,80b69925eaf16f6f548e40a89836473588469df1d670a5beaeda7fd7ec50f7ac,ogl3,government-organisation:D69,title-boundary,2026-08-12,2026-08-12,
40e4b57d5fdb91d7107891d0af77bc88,,title-boundary,https://use-land-property-data.service.gov.uk/datasets/inspire,89d3d9dedae96e9d3c3b9e3eaea51b33383a5c377740ee25ee7f87e13b63c929,ogl3,government-organisation:D69,title-boundary,2026-08-12,2026-08-12,
2734e1cd28fb136a0610b56f91f6b3fe,,title-boundary,https://use-land-property-data.service.gov.uk/datasets/inspire,8f7a767e3d869e139edd66a76c00a613051fa5aca55c2f5f1c7097a25a21c04e,ogl3,government-organisation:D69,title-boundary,2026-08-12,2026-08-12,
ca64d0122ad9d6043d21833a4c1f03c6,,title-boundary,https://use-land-property-data.service.gov.uk/datasets/inspire,940a3c5b88e908cac92f3f843a0180eb4340340a91dc461bb9d6b22fcb2ac0e0,ogl3,government-organisation:D69,title-boundary,2026-08-12,2026-08-12,
aa77c289526234e1f9e3ca6a04e4bd60,,title-boundary,https://use-land-property-data.service.gov.uk/datasets/inspire,96e175c4eb716f134e4c8b5d651a5e6182ec349aaeaa511c099b5c84042e84e6,ogl3,government-organisation:D69,title-boundary,2026-08-12,2026-08-12,
6c6ac7bc8ef756b57a4f85cfa9f70b11,,title-boundary,https://use-land-property-data.service.gov.uk/datasets/inspire,989705e9c102618c5a9919b0f6e0c5f270dd2ef8054287030c208aee98e89d0e,ogl3,government-organisation:D69,title-boundary,2026-08-12,2026-08-12,
1318e0ae88ddefb10799e6591111ae1b,,title-boundary,https://use-land-property-data.service.gov.uk/datasets/inspire,9ca9393766958beeb68b18e1e984495199efe8ed9996cdb12a159147914ba3df,ogl3,government-organisation:D69,title-boundary,2026-08-12,2026-08-12,
aeb265e220d70869e47b95f7e430c48e,,title-boundary,https://use-land-property-data.service.gov.uk/datasets/inspire,9f3869127eda37928a7ef106cf0b593b16793c576a536b1220eb1737fb818d46,ogl3,government-organisation:D69,title-boundary,2026-08-12,2026-08-12,
9c238ab5c06006ac1b28e31c9e53127e,,title-boundary,https://use-land-property-data.service.gov.uk/datasets/inspire,a050891cb5383c05d2c2f7700f0cb32cf643c6b3a04a27c3fb9daf887f176823,ogl3,government-organisation:D69,title-boundary,2026-08-12,2026-08-12,
4786936dfb2f3c3a94f144b295a74d31,,title-boundary,https://use-land-property-data.service.gov.uk/datasets/inspire,a4f136d3913ffd854e75987ba56fdb581b62987df0600c7bba24ec01d81c7f1f,ogl3,government-organisation:D69,title-boundary,2026-08-12,2026-08-12,
3b56833c3cf71c2ff8beb499643bdfb2,,title-boundary,https://use-land-property-data.service.gov.uk/datasets/inspire,a9f04ee17fd8d0ed826a76d4dcabed1961790699ac21d960100713aa40cf07b0,ogl3,government-organisation:D69,title-boundary,2026-08-12,2026-08-12,
12a1572abaa346275fb0fb804a983368,,title-boundary,https://use-land-property-data.service.gov.uk/datasets/inspire,abcf839cb388b75ee8a8079462c5cca934e8d3447422312e701c2a683a81de76,ogl3,government-organisation:D69,title-boundary,2026-08-12,2026-08-12,
f1e5e122031482d77d40f55a3c330893,,title-boundary,https://use-land-property-data.service.gov.uk/datasets/inspire,ae1f8760aec98a7eb4fe27a5aaca7821732caa31ca2e870ea9ab668130c618ca,ogl3,government-organisation:D69,title-boundary,2026-08-12,2026-08-12,
309f2af13274a85eb75ce1cec6df6787,,title-boundary,https://use-land-property-data.service.gov.uk/datasets/inspire,ba06daa9bcbf38c77370e3142c8f6c536f304193e953fc6136683b94f2f5713a,ogl3,government-organisation:D69,title-boundary,2026-08-12,2026-08-12,
936304166d0c41ee4483d8444e9662cc,,title-boundary,https://use-land-property-data.service.gov.uk/datasets/inspire,beb483cc59af7ede16abb421985185435eadfcf9bfe609d5d8fe7165db65f854,ogl3,government-organisation:D69,title-boundary,2026-08-12,2026-08-12,
7be69321270b424579533fc09a7ebc34,,title-boundary,https://use-land-property-data.service.gov.uk/datasets/inspire,cd3ab68dc1ce8d349c91b8a21e0f7e59d67a135243e9adf6b8e25445e833581a,ogl3,government-organisation:D69,title-boundary,2026-08-12,2026-08-12,
6f375b79d53af9f4f2f33a59eaf837ef,,title-boundary,https://use-land-property-data.service.gov.uk/datasets/inspire,cfa34103e893216fcc99bad34f21fa40176c0077edc0cdb2b0b33c7d46dadd7b,ogl3,government-organisation:D69,title-boundary,2026-08-12,2026-08-12,
54bb7f4551b43ac270aecde3822980a1,,title-boundary,https://use-land-property-data.service.gov.uk/datasets/inspire,d2f276991e3baa400bd7386fe4dbd9025a2dd8d3e86c5e586fde2a642070998f,ogl3,government-organisation:D69,title-boundary,2026-08-12,2026-08-12,
9e438d83aadf9efe9de002a790b3e2ff,,title-boundary,https://use-land-property-data.service.gov.uk/datasets/inspire,d5a25a2d5e68ce9a46b342fd4f9f24f401e87be35624a996cc85cae292629d8d,ogl3,government-organisation:D69,title-boundary,2026-08-12,2026-08-12,
987ee2d7b4369c9c993cfd5277491a4a,,title-boundary,https://use-land-property-data.service.gov.uk/datasets/inspire,d77831c654146cfc43fcdc6785ced5462618c5ed83593800d796cb1559bcfb86,ogl3,government-organisation:D69,title-boundary,2026-08-12,2026-08-12,
ad818a8a74947a64b09ddcc9d5e0da70,,title-boundary,https://use-land-property-data.service.gov.uk/datasets/inspire,d8bc7deca1c55540cbc295a521bb594161695ec5398167fe5baf94b1c36e6c7d,ogl3,government-organisation:D69,title-boundary,2026-08-12,2026-08-12,
490074ad91e36d88d30f139062041f21,,title-boundary,https://use-land-property-data.service.gov.uk/datasets/inspire,d8e79cc1f43b48ee114632060a36b3d05b2564895593c109571c31f07968190e,ogl3,government-organisation:D69,title-boundary,2026-08-12,2026-08-12,
f712d106f7caf40030d05816b5fe71a2,,title-boundary,https://use-land-property-data.service.gov.uk/datasets/inspire,dbdfe929f8ad3409d6e05a0b71bfa6a4ad504d1e71aa7f63faabdd89e65e7d4f,ogl3,government-organisation:D69,title-boundary,2026-08-12,2026-08-12,
488314faa8dcf30fabedf9b2ac087823,,title-boundary,https://use-land-property-data.service.gov.uk/datasets/inspire,e43b4b101400d092593b485378d5fb1b00e848439ecd2ac67a0c2553627b2193,ogl3,government-organisation:D69,title-boundary,2026-08-12,2026-08-12,
f181326b9b5983d88fb8a1d3e11775de,,title-boundary,https://use-land-property-data.service.gov.uk/datasets/inspire,e64b949a3fbf26d68b116c4e4598d91b2261b3ef1db0de2f9a530dc6f420fa0f,ogl3,government-organisation:D69,title-boundary,2026-08-12,2026-08-12,
eb0618440abea269c117a0cf7200d3e5,,title-boundary,https://use-land-property-data.service.gov.uk/datasets/inspire,e6f8c578a519580e95ed44ea4ae35db910f212bf9611f1e957ea2100d8f1f556,ogl3,government-organisation:D69,title-boundary,2026-08-12,2026-08-12,
605b41387c8dac731385dbf75cc760f1,,title-boundary,https://use-land-property-data.service.gov.uk/datasets/inspire,ea7992213ca8271b71f2ddc2bac5c5312087f17ceb3df9b30ed2168c97e9e12c,ogl3,government-organisation:D69,title-boundary,2026-08-12,2026-08-12,
206204bfaf5cc9b2149d48455006647f,,title-boundary,https://use-land-property-data.service.gov.uk/datasets/inspire,eb57009198218abbeaabe3fb5742c448983e107af52d34f7562b16c9ddb3a8ca,ogl3,government-organisation:D69,title-boundary,2026-08-12,2026-08-12,
d2db8419fd5ab38950a665ab023150a0,,title-boundary,https://use-land-property-data.service.gov.uk/datasets/inspire,f723b3dc97c4a42722e525fdb54b0321b54da45f17db9d3da4becc4a2347067a,ogl3,government-organisation:D69,title-boundary,2026-08-12,2026-08-12,
2dcbd3c381f2f761f300a080baf21f55,,title-boundary,https://use-land-property-data.service.gov.uk/datasets/inspire,ff57cb4a0c1903af38ac84fe6bb5c35ce29346dd5957328a07b64a35f494f9f0,ogl3,government-organisation:D69,title-boundary,2026-08-12,2026-08-12,
f153e5c8dd3f8fe9c6f48c55b6b521b5,,title-boundary,https://use-land-property-data.service.gov.uk/datasets/inspire,008df79cb3365fd795a1bac8c8120f90bc449cd25dcdd4cc6d42c1c4dc92bc0b,ogl3,government-organisation:D69,title-boundary,2026-01-08,2025-01-08,
f1b8c28539d814a113f693715ffb44bf,,title-boundary,https://use-land-property-data.service.gov.uk/datasets/inspire,9aa7f98cdf5b50070c918118e9888e7f54cb7adaf48b2130ab3aaf91748d88db,ogl3,government-organisation:D69,title-boundary,2026-01-08,2025-01-08,
a4b469182b21fc3ad488c4aeff7660b9,,title-boundary,https://use-land-property-data.service.gov.uk/datasets/inspire,b5a7388396b9f73f9efd8eacb7f1d3ade006f8d2400933f5a3927c117fe9f7f3,ogl3,government-organisation:D69,title-boundary,2026-01-08,2025-01-08,
5b5bfc9ed958b8cfd769b2cf281cc055,,title-boundary,https://use-land-property-data.service.gov.uk/datasets/inspire,bd9f90c3547cdb8ffb7b6e6b8f0cf55209aa3689f625ed541837f4ebbfb66028,ogl3,government-organisation:D69,title-boundary,2026-01-08,2025-01-08,
1261b86cba3a10d7139234395df6bcf5,,title-boundary,https://use-land-property-data.service.gov.uk/datasets/inspire,b0a6bb3714481d512fdf2c83022930aa7447fb067906e218b962a8c55da68b13,ogl3,government-organisation:D69,title-boundary,2026-01-08,2025-01-08,
e7c71821d4ae0845fc3f796d9e7715d2,,title-boundary,https://use-land-property-data.service.gov.uk/datasets/inspire,fe5b7347eeeda523280b0eac065d9104b013b67095fc517d9eb1c4750f8364f1,ogl3,government-organisation:D69,title-boundary,2026-01-08,2025-01-08,
fc6fc7bdd906148a2f29a8b8da35b74a,,title-boundary,https://use-land-property-data.service.gov.uk/datasets/inspire,e2f7b4c5294f0cef44ebbc2be64a9c44241a0f640624d296683b0dad69aeea96,ogl3,government-organisation:D69,title-boundary,2026-01-08,2025-01-08,
b861566051a58d9677fcd6d657aa378f,,title-boundary,https://use-land-property-data.service.gov.uk/datasets/inspire,a956a3a35f3e814053cdb0d31ad46d7b74ea99c1d5855a959a8f83c85181f519,ogl3,government-organisation:D69,title-boundary,2026-01-08,2025-01-08,
ba22e4ac2e69d2be143f142fa15db426,,title-boundary,https://use-land-property-data.service.gov.uk/datasets/inspire,15a44f03436bcbde1ac256fd27e3627b67d0ea4b3afac0989f6c2ebe6ce72738,ogl3,government-organisation:D69,title-boundary,2026-01-08,2025-01-08,
aae6d79dacb1051a93c2f2066fb24e7b,,title-boundary,https://use-land-property-data.service.gov.uk/datasets/inspire,6cc098d931cb5891717d824aaa82bf740adb0165c9a92d4e8e0844b31eec9d96,ogl3,government-organisation:D69,title-boundary,2026-01-08,2025-01-08,
2456ed2f4c070390bd9fbdb5a47370e6,,title-boundary,https://use-land-property-data.service.gov.uk/datasets/inspire,927ac9276967633bf70e8df5d6b6e6ef8171ea16c61e3342aec4444c74dd1fd1,ogl3,government-organisation:D69,title-boundary,2026-01-08,2025-01-08,
a86742b100a5a22b6721e035e3e4c459,,title-boundary,https://use-land-property-data.service.gov.uk/datasets/inspire,c23f03d5982097a576437cfbc67b38c6a9f34666c4ca9f89a07b43e8771db61b,ogl3,government-organisation:D69,title-boundary,2026-01-08,2025-01-08,
eb7fd92374eb26829400cb87bd22aa6e,,title-boundary,https://use-land-property-data.service.gov.uk/datasets/inspire,c8ab954b7581c68be7e7aa4098c03368fb9cd8262f9935c0d710f922e2217a0a,ogl3,government-organisation:D69,title-boundary,2026-01-08,2025-01-08,
7813ca11b930d61ef86098ee9e12fc26,,title-boundary,https://use-land-property-data.service.gov.uk/datasets/inspire,418ce4e7e3b4a382eaf6d9386e3c1605328e22d048f9bd4e9534715204c1c454,ogl3,government-organisation:D69,title-boundary,2026-01-08,2025-01-08,
ae0718b5aeac66d25028f166821035d5,,title-boundary,https://use-land-property-data.service.gov.uk/datasets/inspire,36158dbf068b525eebb69970310efa514a629b4b3f7f60ff59ca146d6dfd1462,ogl3,government-organisation:D69,title-boundary,2026-01-08,2025-01-08,
49007943d355318996c7c77878ebccac,,title-boundary,https://use-land-property-data.service.gov.uk/datasets/inspire,f01d797984b16f995cd8e61bc84a5849152262b4f7735a30760e1b364d136753,ogl3,government-organisation:D69,title-boundary,2026-01-08,2025-01-08,
386459c4d940069cebed63e26a9d27bd,,title-boundary,https://use-land-property-data.service.gov.uk/datasets/inspire,20b90443f5b2eaf589eec6d4406e81e4fe89ebfc72d8918935f244efc1e9f65b,ogl3,government-organisation:D69,title-boundary,2026-01-08,2025-01-08,
3119777fb43aa937e54eb4a888595336,,title-boundary,https://use-land-property-data.service.gov.uk/datasets/inspire,5fc1cef86826663a20383ab8f28f9c000737493054dc5035991f2234ce839822,ogl3,government-organisation:D69,title-boundary,2026-01-08,2025-01-08,
680420c6abec555288cd7e39a8c2bb56,,title-boundary,https://use-land-property-data.service.gov.uk/datasets/inspire,2ab63340ddc147253ac5ab0c0a71b61ccf5a76421a98bfb3928d995b6762e192,ogl3,government-organisation:D69,title-boundary,2026-01-08,2025-01-08,
dc20ed8c03fa1707512c9324d938099c,,title-boundary,https://use-land-property-data.service.gov.uk/datasets/inspire,14f2ffdc17d1fba4636932d55747d9b13e49fba248ee18f7437f22bd7d8eed90,ogl3,government-organisation:D69,title-boundary,2026-01-08,2025-01-08,
3b7bba4ccd9532d6ac151c49b943292e,,title-boundary,https://use-land-property-data.service.gov.uk/datasets/inspire,79087eb96716bc1a9360c4ece9063eaa9b0c2f036bb4dae8822a8ab836770d9c,ogl3,government-organisation:D69,title-boundary,2026-01-08,2025-01-08,
a7bda49419cd9bab0ac9552975cb5223,,title-boundary,https://use-land-property-data.service.gov.uk/datasets/inspire,207b54877d35c1d4a8d02d9b2c42d4a16cfa3bebf7df48c0b730a72bd9e3bee2,ogl3,government-organisation:D69,title-boundary,2026-01-08,2025-01-08,
87172970d9594e5085db9c381857af51,,title-boundary,https://use-land-property-data.service.gov.uk/datasets/inspire,6397c5704884b3acb935a96fc0d00a3ebc90e89244502da59f2310f585a62caf,ogl3,government-organisation:D69,title-boundary,2026-01-08,2025-01-08,
8915d9f94a8a6eb98027a2fba4b5c10f,,title-boundary,https://use-land-property-data.service.gov.uk/datasets/inspire,aae8cd9921a90c230797b653d8b53a24b90ee2fbf0dc4ac96d9c867c2b092064,ogl3,government-organisation:D69,title-boundary,2026-01-08,2025-01-08,
3cb98ee9df2baea51aa82f6aa99310b2,,title-boundary,https://use-land-property-data.service.gov.uk/datasets/inspire,e010dafb8d9e6e05d2673590e78349db1c9a67cb563cb9e94f6bd48596ce5e2f,ogl3,government-organisation:D69,title-boundary,2026-01-08,2025-01-08,
06bca92030e3048f7a2513b44bd3b1fa,,title-boundary,https://use-land-property-data.service.gov.uk/datasets/inspire,efa83e8464dd79d2c58cd5284f8f71ade67723c5a074e4ff563cd60ec61b08d8,ogl3,government-organisation:D69,title-boundary,2026-01-08,2025-01-08,
4c267f7a1aeb47a83d69471850095efb,,title-boundary,https://use-land-property-data.service.gov.uk/datasets/inspire,629019c30e22619c0d73f11fc8874a9c3bb89467146ab12becbd41f146cbef4b,ogl3,government-organisation:D69,title-boundary,2026-01-08,2025-01-08,
d9caf2660baa4413dbb6b906bc43f74b,,title-boundary,https://use-land-property-data.service.gov.uk/datasets/inspire,8991a2721d997850ba64fc52de949fba87b122a5cce75f6a91391c4e0a10a321,ogl3,government-organisation:D69,title-boundary,2026-01-08,2025-01-08,
8cd22c6ebe0aea6d91ae180a837e87d6,,title-boundary,https://use-land-property-data.service.gov.uk/datasets/inspire,94c260b738197c7886f60966c549cf6d98494bdb64e5efa62bfdc0ad916abe4f,ogl3,government-organisation:D69,title-boundary,2026-01-08,2025-01-08,
e9c2216469b8e8ba7c73ca7c0ea4b274,,title-boundary,https://use-land-property-data.service.gov.uk/datasets/inspire,4c3048008788dea96015dc80ff1382102ca27d1cd5e383b7e5ec4db98bfc4e70,ogl3,government-organisation:D69,title-boundary,2026-01-08,2025-01-08,
95fcbf601db0285639e0fd30541c77de,,title-boundary,https://use-land-property-data.service.gov.uk/datasets/inspire,e4ebcb19622c4bde0dbf3a3bad88220bbf5559c3006f206fe9d8da7be2e66f48,ogl3,government-organisation:D69,title-boundary,2026-01-08,2025-01-08,
dbf65b45bb006a4356c624e2a89a9144,,title-boundary,https://use-land-property-data.service.gov.uk/datasets/inspire,440c8585df0753321a18574b616440e198332193d99718876e87eac1f3f63795,ogl3,government-organisation:D69,title-boundary,2026-01-08,2025-01-08,
97f29b41f39b71b7c6db995e3ffbf3c7,,title-boundary,https://use-land-property-data.service.gov.uk/datasets/inspire,53b70a3317fd793d3f28fccc3c0eaf4ca198083660ca1d91c2edc329896268ed,ogl3,government-organisation:D69,title-boundary,2026-01-08,2025-01-08,
917e34c2b9db29fad715644889a7c98f,,title-boundary,https://use-land-property-data.service.gov.uk/datasets/inspire,ea1a55238d17895cc991c1c4e97e9670de8ab91bdb8b59b036bf3dee072a8e36,ogl3,government-organisation:D69,title-boundary,2026-01-08,2025-01-08,
bb14298e52f77eb1632fd1873c08d7e2,,title-boundary,https://use-land-property-data.service.gov.uk/datasets/inspire,cd52b2caa850c117c66f6f3581b23c549d5a011f42ba7fff9233fa62c77f2970,ogl3,government-organisation:D69,title-boundary,2026-01-08,2025-01-08,
a86e4a4e380e74d5c3d0345d09ce9acd,,title-boundary,https://use-land-property-data.service.gov.uk/datasets/inspire,c24f8f532a96560b76c7d3edfdd410c722a5d161345866ac2d8beece652dab5c,ogl3,government-organisation:D69,title-boundary,2026-01-08,2025-01-08,
5aa0bf8692321134c3b7e0e56bd9a883,,title-boundary,https://use-land-property-data.service.gov.uk/datasets/inspire,209dcd50de7de0003c7d7b724bf04ddb8554138346866430ebbca24da64f107a,ogl3,government-organisation:D69,title-boundary,2026-01-08,2025-01-08,
5684a635470f6e569c0e03d585a2b7db,,title-boundary,https://use-land-property-data.service.gov.uk/datasets/inspire,1e0dc7cb5a88eec6ea927be1f9e17806974bd99b043b21fb99179c4fd48f4f9e,ogl3,government-organisation:D69,title-boundary,2026-01-08,2025-01-08,
6ab2b8942cca3364771f401e0165550e,,title-boundary,https://use-land-property-data.service.gov.uk/datasets/inspire,13ce5edb1d3ece329457d2685fdec380db5daf75e106e91818af37cbaa1c4342,ogl3,government-organisation:D69,title-boundary,2026-01-08,2025-01-08,
4c94e9e5c0e4bc100729987de82274d0,,title-boundary,https://use-land-property-data.service.gov.uk/datasets/inspire,ac0030aee27895d63c06f9e13680c9a315a5756fffdd0fc3c686afd01d05616f,ogl3,government-organisation:D69,title-boundary,2026-01-08,2025-01-08,
9819d0ff029238f54a2d7e32fdc99bcd,,title-boundary,https://use-land-property-data.service.gov.uk/datasets/inspire,becf254ccb32f70b421548fa342afb27540f7a3a09d5c889aceda2c972b3700e,ogl3,government-organisation:D69,title-boundary,2026-01-08,2025-01-08,
81bd900e9308a4a46e5710312f29e23c,,title-boundary,https://use-land-property-data.service.gov.uk/datasets/inspire,9bfa481c638897eb1be1899f05ecd87318de3d46d0b25d548036decfe75de7ed,ogl3,government-organisation:D69,title-boundary,2026-01-08,2025-01-08,
2b4747677847851b9bb7465b6c09fb39,,title-boundary,https://use-land-property-data.service.gov.uk/datasets/inspire,a4f6723a29522f2db46681a3163b2e12c22f86ace3d0bc4382ba7a8df172d194,ogl3,government-organisation:D69,title-boundary,2026-01-08,2025-01-08,
f689c3be0d4d4204df2634f3fe70b69f,,title-boundary,https://use-land-property-data.service.gov.uk/datasets/inspire,8741a4c51ea7015d13539b96537bf6aa1baf96d231f6325cbdb4f0dfbec278be,ogl3,government-organisation:D69,title-boundary,2026-01-08,2025-01-08,
ef66968be005396147fb8041988ef64b,,title-boundary,https://use-land-property-data.service.gov.uk/datasets/inspire,ff40b371486dd3c5875668c0ed67554749dda65c35516f438faa7b6e7388b899,ogl3,government-organisation:D69,title-boundary,2026-01-08,2025-01-08,
3dbb8342a0c7457131fa53a4265cd346,,title-boundary,https://use-land-property-data.service.gov.uk/datasets/inspire,2f764578eb05b42512037e7e4581f4442f0232ebd2e1a5ed32029c3f33a63e86,ogl3,government-organisation:D69,title-boundary,2026-01-08,2025-01-08,
5595352832b29249b6cdb9e3922d5d47,,title-boundary,https://use-land-property-data.service.gov.uk/datasets/inspire,b5fbddb626412ff0b4a66dfacaa79e171321f3d73734a02f535f0e2871d72dbf,ogl3,government-organisation:D69,title-boundary,2026-01-08,2025-01-08,
58b8164f5cfec609106432a44a2a03f9,,title-boundary,https://use-land-property-data.service.gov.uk/datasets/inspire,1fe25336790082b39963c7f8e72bdcf8f8d79486701f85cbee4c426f479024f3,ogl3,government-organisation:D69,title-boundary,2026-01-08,2025-01-08,
5a3fa12dd3b53512d49c3877c6fcc08d,,title-boundary,https://use-land-property-data.service.gov.uk/datasets/inspire,a11b95c3f81ea7fcda426e5f653e3bd4a239a7fad5ec523c00d93f9c5dc4798e,ogl3,government-organisation:D69,title-boundary,2026-01-08,2025-01-08,
fe3ea59850fa8b18b6938fda5ee7c60a,,title-boundary,https://use-land-property-data.service.gov.uk/datasets/inspire,535f16621b599f195dca22b8d11f8be6dcfa36607241d4ead2f9f8408d7d113b,ogl3,government-organisation:D69,title-boundary,2026-01-08,2025-01-08,
7d1450c2c45745ec732f5c914c894178,,title-boundary,https://use-land-property-data.service.gov.uk/datasets/inspire,94a2b151808c1344f6a0f7c55d97f80c69f95013f68019abd6242f7ba062832a,ogl3,government-organisation:D69,title-boundary,2026-01-08,2025-01-08,
12f0a9aa4eec1b0473fcccc8c45124ac,,title-boundary,https://use-land-property-data.service.gov.uk/datasets/inspire,38499443413f9775446da62888d45812986762840fbc175be535a464f329d9b1,ogl3,government-organisation:D69,title-boundary,2026-01-08,2025-01-08,
850dd924c9257f3f2dfc8f5e8abc6408,,title-boundary,https://use-land-property-data.service.gov.uk/datasets/inspire,58b36626fd76b0e5ceabcff091fbc1a856d044745f2bebb7e5363439df1687c8,ogl3,government-organisation:D69,title-boundary,2026-01-08,2025-01-08,
bfe0f30d53f658605d0fd3e7c14bf6bb,,title-boundary,https://use-land-property-data.service.gov.uk/datasets/inspire,813e85aaa84017dec49a81dbaa4aca7b4c2db6b7de71a421aa571e62245615f2,ogl3,government-organisation:D69,title-boundary,2026-01-08,2025-01-08,
41d82390f91ce0705b23659fd7a8fc0f,,title-boundary,https://use-land-property-data.service.gov.uk/datasets/inspire,fb2dfe4daf79df9f17160f474d83a6357a445a5990dcefdeefb6e78e224cf428,ogl3,government-organisation:D69,title-boundary,2026-01-08,2025-01-08,
4b3926b4a18ac947d288c533825d3386,,title-boundary,https://use-land-property-data.service.gov.uk/datasets/inspire,67790beb39978889d9f38662d114ca9e288eb0c8eac0e43b4a76e88c46c54a3f,ogl3,government-organisation:D69,title-boundary,2026-01-08,2025-01-08,
9430b83e3c21f4d596a1af5a8751287e,,title-boundary,https://use-land-property-data.service.gov.uk/datasets/inspire,333f63b4dbaa805ec7117fdd252f78d44832ed6f526b0f43a935c6bb2c588490,ogl3,government-organisation:D69,title-boundary,2026-01-08,2025-01-08,
2aba4a5a6dd5e729aacad9abb84706a4,,title-boundary,https://use-land-property-data.service.gov.uk/datasets/inspire,198f155bc34c979b7dcc60ae778ad665b86d32373e2990bf81471b50917bad7a,ogl3,government-organisation:D69,title-boundary,2026-01-08,2025-01-08,
5a7bc08f265eab1c7632c439f87143d9,,title-boundary,https://use-land-property-data.service.gov.uk/datasets/inspire,067762167ceabe9a234670904caad9b47ce22fad442b7e2aa1e7cb0c0e6ef976,ogl3,government-organisation:D69,title-boundary,2026-01-08,2025-01-08,
ef793804ecfdee182cf074afb5f9dea5,,title-boundary,https://use-land-property-data.service.gov.uk/datasets/inspire,ea3ed38ea76aef472e4800eca1a142c572cbbbace11afec2b682b7ddd26879f3,ogl3,government-organisation:D69,title-boundary,2026-01-08,2025-01-08,
a726670c552ff59ea551411d3d1615d5,,title-boundary,https://use-land-property-data.service.gov.uk/datasets/inspire,78122930949aba96e0fa022340ad2f3f009045905ef7cfb5eb5e956ecae30128,ogl3,government-organisation:D69,title-boundary,2026-01-08,2025-01-08,
751c6fc23e10eeccacff6de3e5d0f8fa,,title-boundary,https://use-land-property-data.service.gov.uk/datasets/inspire,14ee3cd67ad04ce5b7d2795547904b4538ea412aa49fad694bef3bd7b7e77026,ogl3,government-organisation:D69,title-boundary,2026-01-08,2025-01-08,
a015a986a9a4aec6064921815ca1032c,,title-boundary,https://use-land-property-data.service.gov.uk/datasets/inspire,80a9248f8d87faa54b55fdf938e0004e9fc008b3dbc615108818de8c691fbd7d,ogl3,government-organisation:D69,title-boundary,2026-01-08,2025-01-08,
062478c28334882f5c8b6299396d238b,,title-boundary,https://use-land-property-data.service.gov.uk/datasets/inspire,d0692032d289c325c7fdc29a3b99802191aa06965f9e452f28f30d7915de9568,ogl3,government-organisation:D69,title-boundary,2026-01-08,2025-01-08,
4bd5a9546e87b235be9a6ec416b25760,,title-boundary,https://use-land-property-data.service.gov.uk/datasets/inspire,865d50b5e02775338c228b05de4116788d1e43ed30d12e0a39998e123b242929,ogl3,government-organisation:D69,title-boundary,2026-01-08,2025-01-08,
2a09e1cf338ad09b4257198e28a03610,,title-boundary,https://use-land-property-data.service.gov.uk/datasets/inspire,9da248ff62ba3151a61a4bac25c40d8520b6d29032c88a2c302764a4e2bfe301,ogl3,government-organisation:D69,title-boundary,2026-01-08,2025-01-08,
d3868bb7e989c7658d8cb53864969651,,title-boundary,https://use-land-property-data.service.gov.uk/datasets/inspire,9f151541e9d0397d46094c59a09ffbe48a615e24230803bc6f2386d10a34c87d,ogl3,government-organisation:D69,title-boundary,2026-01-08,2025-01-08,
c002999cbfb542d3df6f42453d4cef9c,,title-boundary,https://use-land-property-data.service.gov.uk/datasets/inspire,8bfd698f59317ced4733cfe58adce81d09613f179acacd164399b05ec80a7fbb,ogl3,government-organisation:D69,title-boundary,2026-01-08,2025-01-08,
08ad809c0200b06fa3829586db5e77f2,,title-boundary,https://use-land-property-data.service.gov.uk/datasets/inspire,d9dd12a0f7c952663a43b76acc92a4ed48d5805e93470240a8bce838dc9e2ebb,ogl3,government-organisation:D69,title-boundary,2026-01-08,2025-01-08,
ec900df11a1eba5b15359ce28a21ad36,,title-boundary,https://use-land-property-data.service.gov.uk/datasets/inspire,825cfbdf7933c02e40ebe49c39daaec4e822c471422e3efb8c846460ead99954,ogl3,government-organisation:D69,title-boundary,2026-01-08,2025-01-08,
b2584785cff9e147c2336a42998ddaab,,title-boundary,https://use-land-property-data.service.gov.uk/datasets/inspire,c89a4ac0497decc4ecba745b2ab5c41881f3cd329ce7a7df41333a172add6c9e,ogl3,government-organisation:D69,title-boundary,2026-01-08,2025-01-08,
ec9d19b0fca3e5a1a2418847a940f3b8,,title-boundary,https://use-land-property-data.service.gov.uk/datasets/inspire,ce693936a47f48ec51cbda2b35f84a67b9242375b813b95ff8a3e4219b61a752,ogl3,government-organisation:D69,title-boundary,2026-01-08,2025-01-08,
32e17a3c90c0a66de7fcd8226099ae5e,,title-boundary,https://use-land-property-data.service.gov.uk/datasets/inspire,7387ab7dedf7fe150249d09a6692e2b7869e4fabe40ea55dc71d6447cce7258f,ogl3,government-organisation:D69,title-boundary,2026-01-08,2025-01-08,
0356991cb99c3a2bdcd543ad3c5e69b0,,title-boundary,https://use-land-property-data.service.gov.uk/datasets/inspire,5f4866bb52bbabca8611ba1e998edff02efcf23c2ad91f41bca3bc016dbb3f1c,ogl3,government-organisation:D69,title-boundary,2026-01-08,2025-01-08,
1270aedb933263cb891330714bc13cec,,title-boundary,https://use-land-property-data.service.gov.uk/datasets/inspire,67358d1019534c437ee756ee4dee7c088608bbc6f81e6e880a92d20ccd483098,ogl3,government-organisation:D69,title-boundary,2026-01-08,2025-01-08,
02f555a9e4c43194bc22af1468b7d8f5,,title-boundary,https://use-land-property-data.service.gov.uk/datasets/inspire,614513d306cdf7ac7dd67e2266839d3de17763299ff98f722ad511cfbc644f71,ogl3,government-organisation:D69,title-boundary,2026-01-08,2025-01-08,
ffb97f25bc44c2e49bc2cdf39cae0a26,,title-boundary,https://use-land-property-data.service.gov.uk/datasets/inspire,10b31952e9001ff98f75b4c6bac3cef4e941115e9a57d8544d962b0b37e279eb,ogl3,government-organisation:D69,title-boundary,2026-01-08,2025-01-08,
e7164d8e60c446054e89147de1c0031f,,title-boundary,https://use-land-property-data.service.gov.uk/datasets/inspire,cc8f98abde6cf17091c159ca54dd9de006f436cec2260f35a38253e531884f15,ogl3,government-organisation:D69,title-boundary,2026-01-08,2025-01-08,
1d8ae56fb8ed1eddb17423afd78d7a41,,title-boundary,https://use-land-property-data.service.gov.uk/datasets/inspire,09255cc77629990d287688910dcc64d70d8bc2f5a2e0a7e052f91aa0fc9ec2a7,ogl3,government-organisation:D69,title-boundary,2026-01-08,2025-01-08,
b12ef0c9be3a514df80ea167ad492777,,title-boundary,https://use-land-property-data.service.gov.uk/datasets/inspire,627f4af4bbd2a1a911e3987a9ce6d00315df304d9ef69334cbaa1b600ee9d892,ogl3,government-organisation:D69,title-boundary,2026-01-08,2025-01-08,
f1c9075338ed8caf3496d75505bc9d67,,title-boundary,https://use-land-property-data.service.gov.uk/datasets/inspire,f75b7935d256ab8b6ca4c1d6f6717cfc4608141b6006ec06ae7e276a39ccd401,ogl3,government-organisation:D69,title-boundary,2026-01-08,2025-01-08,
50b3a6d81681f508ce50a396d80f6fb3,,title-boundary,https://use-land-property-data.service.gov.uk/datasets/inspire,7b1ff85ba3075d9477809c6c32f101c1f51e659114a24f99f0d04bbab49f50cd,ogl3,government-organisation:D69,title-boundary,2026-01-08,2025-01-08,
cf9dca98f0259ca01fb7e7b9c3933834,,title-boundary,https://use-land-property-data.service.gov.uk/datasets/inspire,032ab3e37f5ff00b6a1f75f7efab54b1a5fc278b88a6e49af080a981aa5ee916,ogl3,government-organisation:D69,title-boundary,2026-01-08,2025-01-08,
58e3822de0084cc043a5cc9c651ae1c6,,title-boundary,https://use-land-property-data.service.gov.uk/datasets/inspire,8da231ec03258e305f367cc513035f05a206a469937876050722f72dd1a88536,ogl3,government-organisation:D69,title-boundary,2026-01-08,2025-01-08,
0d3322f3c91f0eba1804895c763d2ef6,,title-boundary,https://use-land-property-data.service.gov.uk/datasets/inspire,70a414ce33b7be79367b4d9c573a238c064024edc3f4f3ecc3a31469747bc611,ogl3,government-organisation:D69,title-boundary,2026-01-08,2025-01-08,
3a961c2d8658c850ecb5b0b58ba74cfd,,title-boundary,https://use-land-property-data.service.gov.uk/datasets/inspire,d0dac28c5d944b2cbad762ff409b75e59c89ad8dd29990516e0a1ce212c93909,ogl3,government-organisation:D69,title-boundary,2026-01-08,2025-01-08,
2fcc9b5dc25a7ed8dc6fc77a22fecf5f,,title-boundary,https://use-land-property-data.service.gov.uk/datasets/inspire,2cf5108285de74ee07cfed830c37caf35e9eb33004a2d7ad16d4c137fbf17880,ogl3,government-organisation:D69,title-boundary,2026-01-08,2025-01-08,
8239d1163b1ec97422ea92f6f61d4e7f,,title-boundary,https://use-land-property-data.service.gov.uk/datasets/inspire,c858997e81f4878644b96f1cb314a556c716a632ef8cea4e0ce590dd3a5815d5,ogl3,government-organisation:D69,title-boundary,2026-01-08,2025-01-08,
0c0c70908e1cabdd4d840f9c3ebda7c8,,title-boundary,https://use-land-property-data.service.gov.uk/datasets/inspire,1749e5132d5a532aaf78015a8366e0131541ad2e892f06e4d87459f62e9d6ffd,ogl3,government-organisation:D69,title-boundary,2026-01-08,2025-01-08,
627d0aebf996430b6d0d25f608b09aa3,,title-boundary,https://use-land-property-data.service.gov.uk/datasets/inspire,25bacad2e1e43fc3b67ae1a34ca665eeb45e041ae016ae7a18dbbd1ce420a5a7,ogl3,government-organisation:D69,title-boundary,2026-01-08,2025-01-08,
afdcf1f90b39fe24492f4fb62be4db92,,title-boundary,https://use-land-property-data.service.gov.uk/datasets/inspire,79109185ac6896946256b8dba052d4369858e965be5883ce1a69d337f89d814a,ogl3,government-organisation:D69,title-boundary,2026-01-08,2025-01-08,
a73f921a4dc60abccd17e7ff938269d0,,title-boundary,https://use-land-property-data.service.gov.uk/datasets/inspire,0903f024573b6f68d36178f70e618f2e90f99fde40b06f5beb890b8cef36b3df,ogl3,government-organisation:D69,title-boundary,2026-01-08,2025-01-08,
836c7632e3ec774cabd18ba033a7486f,,title-boundary,https://use-land-property-data.service.gov.uk/datasets/inspire,fdebbbc34949971c49f3eb6c0ea9b3d4eebff3436e594bad36d12851f32a47da,ogl3,government-organisation:D69,title-boundary,2026-01-08,2025-01-08,
506b564167b5e1207683635a695d4b45,,title-boundary,https://use-land-property-data.service.gov.uk/datasets/inspire,398fb9672b5ed9287d9c5f0bcc007d8b4d375fad4b093eb9709d04601faf14da,ogl3,government-organisation:D69,title-boundary,2026-01-08,2025-01-08,
92471a437931da5f8f6a621d95f06ae1,,title-boundary,https://use-land-property-data.service.gov.uk/datasets/inspire,0f5ce3e77202ffbea126d7df021dae72f1da9619a43c9612045f9c3f877fb894,ogl3,government-organisation:D69,title-boundary,2026-01-08,2025-01-08,
dfc221caccd83b09302f9cf6011c14ee,,title-boundary,https://use-land-property-data.service.gov.uk/datasets/inspire,35b7b64eda0d73841ffed3c4213510d9654ecd013d632e8246002fd65edd4681,ogl3,government-organisation:D69,title-boundary,2026-01-08,2025-01-08,
0a275ca3745c44753d93f9456ed747ae,,title-boundary,https://use-land-property-data.service.gov.uk/datasets/inspire,71088a23c41c940c165905d97ccc354f46f38bfeb9783360b42131d621a4b5fb,ogl3,government-organisation:D69,title-boundary,2026-01-08,2025-01-08,
298932864eee1c051861a9ae701548e9,,title-boundary,https://use-land-property-data.service.gov.uk/datasets/inspire,0f5d29b2a30e7cde3457b05678ee60d577e6d03f984376b215a1f9b4bc10f9bb,ogl3,government-organisation:D69,title-boundary,2026-01-08,2025-01-08,
99a251a192a63fcaa40d694cb3436371,,title-boundary,https://use-land-property-data.service.gov.uk/datasets/inspire,8bc02b78bc0000edbd906776bccd572b5fba4425efe35671d36dc13038a6d44b,ogl3,government-organisation:D69,title-boundary,2026-01-08,2025-01-08,
8bab368a84b0d4702c4e02ed69557d56,,title-boundary,https://use-land-property-data.service.gov.uk/datasets/inspire,77af4cb98ecc41a7d191042bf4fd0a3e4cf5b4303feafaf1ff3856e9133880f9,ogl3,government-organisation:D69,title-boundary,2026-01-08,2025-01-08,
